"Label (Grouping)","SEX AND AGE!!Total population","Total housing units"
"Aberdeen, SD Micro Area","",""
"    Estimate","42,292","19,896"
"    Percent","42,292","(X)"
"Aberdeen, WA Micro Area","",""
"    Estimate","75,672","36,204"
"    Percent","75,672","(X)"
"Abilene, TX Metro Area","",""
"    Estimate","176,656","74,540"
"    Percent","176,656","(X)"
"Ada, OK Micro Area","",""
"    Estimate","38,116","17,424"
"    Percent","38,116","(X)"
"Adrian, MI Micro Area","",""
"    Estimate","99,263","43,634"
"    Percent","99,263","(X)"
"Aguadilla-Isabela, PR Metro Area","",""
"    Estimate","308,919","147,709"
"    Percent","308,919","(X)"
"Akron, OH Metro Area","",""
"    Estimate","700,578","317,333"
"    Percent","700,578","(X)"
"Alamogordo, NM Micro Area","",""
"    Estimate","67,850","32,244"
"    Percent","67,850","(X)"
"Albany, GA Metro Area","",""
"    Estimate","147,716","66,791"
"    Percent","147,716","(X)"
"Albany-Lebanon, OR Metro Area","",""
"    Estimate","128,598","52,145"
"    Percent","128,598","(X)"
"Albany-Schenectady-Troy, NY Metro Area","",""
"    Estimate","901,729","417,778"
"    Percent","901,729","(X)"
"Albemarle, NC Micro Area","",""
"    Estimate","62,723","27,802"
"    Percent","62,723","(X)"
"Albert Lea, MN Micro Area","",""
"    Estimate","30,857","14,150"
"    Percent","30,857","(X)"
"Albertville, AL Micro Area","",""
"    Estimate","97,923","41,328"
"    Percent","97,923","(X)"
"Albuquerque, NM Metro Area","",""
"    Estimate","915,968","395,967"
"    Percent","915,968","(X)"
"Alexander City, AL Micro Area","",""
"    Estimate","51,580","28,822"
"    Percent","51,580","(X)"
"Alexandria, LA Metro Area","",""
"    Estimate","151,721","67,099"
"    Percent","151,721","(X)"
"Alexandria, MN Micro Area","",""
"    Estimate","39,081","21,881"
"    Percent","39,081","(X)"
"Alice, TX Micro Area","",""
"    Estimate","49,020","20,655"
"    Percent","49,020","(X)"
"Allentown-Bethlehem-Easton, PA-NJ Metro Area","",""
"    Estimate","863,166","358,340"
"    Percent","863,166","(X)"
"Alma, MI Micro Area","",""
"    Estimate","41,534","16,060"
"    Percent","41,534","(X)"
"Alpena, MI Micro Area","",""
"    Estimate","28,911","15,685"
"    Percent","28,911","(X)"
"Altoona, PA Metro Area","",""
"    Estimate","122,640","55,808"
"    Percent","122,640","(X)"
"Altus, OK Micro Area","",""
"    Estimate","24,776","12,041"
"    Percent","24,776","(X)"
"Amarillo, TX Metro Area","",""
"    Estimate","269,278","113,931"
"    Percent","269,278","(X)"
"Americus, GA Micro Area","",""
"    Estimate","33,943","15,443"
"    Percent","33,943","(X)"
"Ames, IA Metro Area","",""
"    Estimate","125,273","53,297"
"    Percent","125,273","(X)"
"Amsterdam, NY Micro Area","",""
"    Estimate","49,624","22,924"
"    Percent","49,624","(X)"
"Anchorage, AK Metro Area","",""
"    Estimate","399,335","169,429"
"    Percent","399,335","(X)"
"Andrews, TX Micro Area","",""
"    Estimate","18,362","6,976"
"    Percent","18,362","(X)"
"Angola, IN Micro Area","",""
"    Estimate","34,507","18,982"
"    Percent","34,507","(X)"
"Ann Arbor, MI Metro Area","",""
"    Estimate","370,231","157,103"
"    Percent","370,231","(X)"
"Anniston-Oxford, AL Metro Area","",""
"    Estimate","116,162","53,167"
"    Percent","116,162","(X)"
"Appleton, WI Metro Area","",""
"    Estimate","242,972","101,081"
"    Percent","242,972","(X)"
"Arcadia, FL Micro Area","",""
"    Estimate","34,258","15,567"
"    Percent","34,258","(X)"
"Ardmore, OK Micro Area","",""
"    Estimate","58,360","26,315"
"    Percent","58,360","(X)"
"Arecibo, PR Metro Area","",""
"    Estimate","181,820","82,767"
"    Percent","181,820","(X)"
"Arkadelphia, AR Micro Area","",""
"    Estimate","21,469","10,039"
"    Percent","21,469","(X)"
"Asheville, NC Metro Area","",""
"    Estimate","469,484","232,968"
"    Percent","469,484","(X)"
"Ashland, OH Micro Area","",""
"    Estimate","52,522","22,491"
"    Percent","52,522","(X)"
"Ashtabula, OH Micro Area","",""
"    Estimate","97,666","46,291"
"    Percent","97,666","(X)"
"Astoria, OR Micro Area","",""
"    Estimate","41,190","23,060"
"    Percent","41,190","(X)"
"Atchison, KS Micro Area","",""
"    Estimate","16,309","6,817"
"    Percent","16,309","(X)"
"Athens, OH Micro Area","",""
"    Estimate","61,276","26,420"
"    Percent","61,276","(X)"
"Athens, TN Micro Area","",""
"    Estimate","53,532","23,933"
"    Percent","53,532","(X)"
"Athens, TX Micro Area","",""
"    Estimate","82,627","40,933"
"    Percent","82,627","(X)"
"Athens-Clarke County, GA Metro Area","",""
"    Estimate","216,194","89,626"
"    Percent","216,194","(X)"
"Atlanta-Sandy Springs-Alpharetta, GA Metro Area","",""
"    Estimate","6,094,752","2,420,310"
"    Percent","6,094,752","(X)"
"Atlantic City-Hammonton, NJ Metro Area","",""
"    Estimate","274,339","131,786"
"    Percent","274,339","(X)"
"Atmore, AL Micro Area","",""
"    Estimate","36,755","16,715"
"    Percent","36,755","(X)"
"Auburn, IN Micro Area","",""
"    Estimate","43,312","18,157"
"    Percent","43,312","(X)"
"Auburn, NY Micro Area","",""
"    Estimate","76,171","36,701"
"    Percent","76,171","(X)"
"Auburn-Opelika, AL Metro Area","",""
"    Estimate","175,126","75,473"
"    Percent","175,126","(X)"
"Augusta-Richmond County, GA-SC Metro Area","",""
"    Estimate","612,898","264,985"
"    Percent","612,898","(X)"
"Augusta-Waterville, ME Micro Area","",""
"    Estimate","124,003","62,778"
"    Percent","124,003","(X)"
"Austin, MN Micro Area","",""
"    Estimate","40,082","16,933"
"    Percent","40,082","(X)"
"Austin-Round Rock-Georgetown, TX Metro Area","",""
"    Estimate","2,296,377","960,087"
"    Percent","2,296,377","(X)"
"Bainbridge, GA Micro Area","",""
"    Estimate","29,063","13,018"
"    Percent","29,063","(X)"
"Bakersfield, CA Metro Area","",""
"    Estimate","906,883","301,687"
"    Percent","906,883","(X)"
"Baltimore-Columbia-Towson, MD Metro Area","",""
"    Estimate","2,840,005","1,190,378"
"    Percent","2,840,005","(X)"
"Bangor, ME Metro Area","",""
"    Estimate","152,640","75,119"
"    Percent","152,640","(X)"
"Baraboo, WI Micro Area","",""
"    Estimate","65,664","30,907"
"    Percent","65,664","(X)"
"Bardstown, KY Micro Area","",""
"    Estimate","46,779","19,799"
"    Percent","46,779","(X)"
"Barnstable Town, MA Metro Area","",""
"    Estimate","229,436","165,068"
"    Percent","229,436","(X)"
"Barre, VT Micro Area","",""
"    Estimate","59,768","30,697"
"    Percent","59,768","(X)"
"Bartlesville, OK Micro Area","",""
"    Estimate","52,579","23,738"
"    Percent","52,579","(X)"
"Batavia, NY Micro Area","",""
"    Estimate","58,204","26,039"
"    Percent","58,204","(X)"
"Batesville, AR Micro Area","",""
"    Estimate","55,332","26,224"
"    Percent","55,332","(X)"
"Baton Rouge, LA Metro Area","",""
"    Estimate","869,755","376,612"
"    Percent","869,755","(X)"
"Battle Creek, MI Metro Area","",""
"    Estimate","134,011","59,634"
"    Percent","134,011","(X)"
"Bay City, MI Metro Area","",""
"    Estimate","103,752","48,598"
"    Percent","103,752","(X)"
"Bay City, TX Micro Area","",""
"    Estimate","36,251","18,674"
"    Percent","36,251","(X)"
"Beatrice, NE Micro Area","",""
"    Estimate","21,654","10,364"
"    Percent","21,654","(X)"
"Beaumont-Port Arthur, TX Metro Area","",""
"    Estimate","396,279","170,491"
"    Percent","396,279","(X)"
"Beaver Dam, WI Micro Area","",""
"    Estimate","89,032","38,150"
"    Percent","89,032","(X)"
"Beckley, WV Metro Area","",""
"    Estimate","114,848","53,935"
"    Percent","114,848","(X)"
"Bedford, IN Micro Area","",""
"    Estimate","45,113","20,538"
"    Percent","45,113","(X)"
"Beeville, TX Micro Area","",""
"    Estimate","30,977","10,591"
"    Percent","30,977","(X)"
"Bellefontaine, OH Micro Area","",""
"    Estimate","46,098","23,711"
"    Percent","46,098","(X)"
"Bellingham, WA Metro Area","",""
"    Estimate","226,523","100,394"
"    Percent","226,523","(X)"
"Bemidji, MN Micro Area","",""
"    Estimate","46,274","21,403"
"    Percent","46,274","(X)"
"Bend, OR Metro Area","",""
"    Estimate","199,352","94,911"
"    Percent","199,352","(X)"
"Bennettsville, SC Micro Area","",""
"    Estimate","26,585","12,034"
"    Percent","26,585","(X)"
"Bennington, VT Micro Area","",""
"    Estimate","37,326","20,857"
"    Percent","37,326","(X)"
"Berlin, NH Micro Area","",""
"    Estimate","31,430","20,570"
"    Percent","31,430","(X)"
"Big Rapids, MI Micro Area","",""
"    Estimate","40,128","20,986"
"    Percent","40,128","(X)"
"Big Spring, TX Micro Area","",""
"    Estimate","34,488","13,974"
"    Percent","34,488","(X)"
"Big Stone Gap, VA Micro Area","",""
"    Estimate","39,773","18,587"
"    Percent","39,773","(X)"
"Billings, MT Metro Area","",""
"    Estimate","185,147","83,308"
"    Percent","185,147","(X)"
"Binghamton, NY Metro Area","",""
"    Estimate","246,709","114,505"
"    Percent","246,709","(X)"
"Birmingham-Hoover, AL Metro Area","",""
"    Estimate","1,114,368","489,442"
"    Percent","1,114,368","(X)"
"Bismarck, ND Metro Area","",""
"    Estimate","133,467","59,060"
"    Percent","133,467","(X)"
"Blackfoot, ID Micro Area","",""
"    Estimate","48,253","17,028"
"    Percent","48,253","(X)"
"Blacksburg-Christiansburg, VA Metro Area","",""
"    Estimate","166,304","73,450"
"    Percent","166,304","(X)"
"Bloomington, IL Metro Area","",""
"    Estimate","171,284","74,822"
"    Percent","171,284","(X)"
"Bloomington, IN Metro Area","",""
"    Estimate","161,426","73,842"
"    Percent","161,426","(X)"
"Bloomsburg-Berwick, PA Metro Area","",""
"    Estimate","83,089","37,791"
"    Percent","83,089","(X)"
"Bluefield, WV-VA Micro Area","",""
"    Estimate","106,163","52,441"
"    Percent","106,163","(X)"
"Bluffton, IN Micro Area","",""
"    Estimate","28,167","11,961"
"    Percent","28,167","(X)"
"Blytheville, AR Micro Area","",""
"    Estimate","40,361","19,194"
"    Percent","40,361","(X)"
"Bogalusa, LA Micro Area","",""
"    Estimate","45,514","21,420"
"    Percent","45,514","(X)"
"Boise City, ID Metro Area","",""
"    Estimate","771,602","298,787"
"    Percent","771,602","(X)"
"Bonham, TX Micro Area","",""
"    Estimate","36,052","14,667"
"    Percent","36,052","(X)"
"Boone, NC Micro Area","",""
"    Estimate","54,540","32,783"
"    Percent","54,540","(X)"
"Borger, TX Micro Area","",""
"    Estimate","20,595","10,190"
"    Percent","20,595","(X)"
"Boston-Cambridge-Newton, MA-NH Metro Area","",""
"    Estimate","4,912,449","2,033,504"
"    Percent","4,912,449","(X)"
"Boulder, CO Metro Area","",""
"    Estimate","328,658","141,007"
"    Percent","328,658","(X)"
"Bowling Green, KY Metro Area","",""
"    Estimate","180,624","78,171"
"    Percent","180,624","(X)"
"Bozeman, MT Micro Area","",""
"    Estimate","119,685","53,605"
"    Percent","119,685","(X)"
"Bradford, PA Micro Area","",""
"    Estimate","40,459","19,530"
"    Percent","40,459","(X)"
"Brainerd, MN Micro Area","",""
"    Estimate","96,846","65,932"
"    Percent","96,846","(X)"
"Branson, MO Micro Area","",""
"    Estimate","56,202","29,643"
"    Percent","56,202","(X)"
"Breckenridge, CO Micro Area","",""
"    Estimate","30,955","31,508"
"    Percent","30,955","(X)"
"Bremerton-Silverdale-Port Orchard, WA Metro Area","",""
"    Estimate","275,411","113,930"
"    Percent","275,411","(X)"
"Brenham, TX Micro Area","",""
"    Estimate","35,807","17,083"
"    Percent","35,807","(X)"
"Brevard, NC Micro Area","",""
"    Estimate","33,131","19,072"
"    Percent","33,131","(X)"
"Bridgeport-Stamford-Norwalk, CT Metro Area","",""
"    Estimate","958,371","378,045"
"    Percent","958,371","(X)"
"Brookhaven, MS Micro Area","",""
"    Estimate","34,855","15,817"
"    Percent","34,855","(X)"
"Brookings, OR Micro Area","",""
"    Estimate","23,404","13,055"
"    Percent","23,404","(X)"
"Brookings, SD Micro Area","",""
"    Estimate","34,631","14,882"
"    Percent","34,631","(X)"
"Brownsville, TN Micro Area","",""
"    Estimate","17,806","8,274"
"    Percent","17,806","(X)"
"Brownsville-Harlingen, TX Metro Area","",""
"    Estimate","421,854","155,572"
"    Percent","421,854","(X)"
"Brownwood, TX Micro Area","",""
"    Estimate","38,159","18,946"
"    Percent","38,159","(X)"
"Brunswick, GA Metro Area","",""
"    Estimate","113,854","57,405"
"    Percent","113,854","(X)"
"Bucyrus-Galion, OH Micro Area","",""
"    Estimate","41,861","19,868"
"    Percent","41,861","(X)"
"Buffalo-Cheektowaga, NY Metro Area","",""
"    Estimate","1,163,462","538,812"
"    Percent","1,163,462","(X)"
"Burley, ID Micro Area","",""
"    Estimate","46,485","17,234"
"    Percent","46,485","(X)"
"Burlington, IA-IL Micro Area","",""
"    Estimate","45,198","22,178"
"    Percent","45,198","(X)"
"Burlington, NC Metro Area","",""
"    Estimate","171,779","74,055"
"    Percent","171,779","(X)"
"Burlington-South Burlington, VT Metro Area","",""
"    Estimate","225,745","101,187"
"    Percent","225,745","(X)"
"Butte-Silver Bow, MT Micro Area","",""
"    Estimate","35,306","17,303"
"    Percent","35,306","(X)"
"Cadillac, MI Micro Area","",""
"    Estimate","48,855","25,143"
"    Percent","48,855","(X)"
"Calhoun, GA Micro Area","",""
"    Estimate","57,785","22,876"
"    Percent","57,785","(X)"
"California-Lexington Park, MD Metro Area","",""
"    Estimate","113,814","45,665"
"    Percent","113,814","(X)"
"Cambridge, MD Micro Area","",""
"    Estimate","32,557","16,400"
"    Percent","32,557","(X)"
"Cambridge, OH Micro Area","",""
"    Estimate","38,409","19,051"
"    Percent","38,409","(X)"
"Camden, AR Micro Area","",""
"    Estimate","27,379","14,401"
"    Percent","27,379","(X)"
"Campbellsville, KY Micro Area","",""
"    Estimate","37,254","16,479"
"    Percent","37,254","(X)"
"Cañon City, CO Micro Area","",""
"    Estimate","49,107","20,302"
"    Percent","49,107","(X)"
"Canton-Massillon, OH Metro Area","",""
"    Estimate","400,960","180,475"
"    Percent","400,960","(X)"
"Cape Coral-Fort Myers, FL Metro Area","",""
"    Estimate","772,902","419,916"
"    Percent","772,902","(X)"
"Cape Girardeau, MO-IL Metro Area","",""
"    Estimate","97,622","43,585"
"    Percent","97,622","(X)"
"Carbondale-Marion, IL Metro Area","",""
"    Estimate","133,609","65,182"
"    Percent","133,609","(X)"
"Carlsbad-Artesia, NM Micro Area","",""
"    Estimate","61,264","26,261"
"    Percent","61,264","(X)"
"Carroll, IA Micro Area","",""
"    Estimate","20,728","9,515"
"    Percent","20,728","(X)"
"Carson City, NV Metro Area","",""
"    Estimate","58,249","24,633"
"    Percent","58,249","(X)"
"Casper, WY Metro Area","",""
"    Estimate","79,506","36,936"
"    Percent","79,506","(X)"
"Cedar City, UT Micro Area","",""
"    Estimate","58,068","22,028"
"    Percent","58,068","(X)"
"Cedar Rapids, IA Metro Area","",""
"    Estimate","275,693","121,181"
"    Percent","275,693","(X)"
"Cedartown, GA Micro Area","",""
"    Estimate","43,019","17,235"
"    Percent","43,019","(X)"
"Celina, OH Micro Area","",""
"    Estimate","42,321","17,898"
"    Percent","42,321","(X)"
"Central City, KY Micro Area","",""
"    Estimate","30,735","13,518"
"    Percent","30,735","(X)"
"Centralia, IL Micro Area","",""
"    Estimate","37,543","17,431"
"    Percent","37,543","(X)"
"Centralia, WA Micro Area","",""
"    Estimate","82,663","35,604"
"    Percent","82,663","(X)"
"Chambersburg-Waynesboro, PA Metro Area","",""
"    Estimate","156,084","66,443"
"    Percent","156,084","(X)"
"Champaign-Urbana, IL Metro Area","",""
"    Estimate","223,223","100,821"
"    Percent","223,223","(X)"
"Charleston, WV Metro Area","",""
"    Estimate","257,927","127,194"
"    Percent","257,927","(X)"
"Charleston-Mattoon, IL Micro Area","",""
"    Estimate","57,523","27,520"
"    Percent","57,523","(X)"
"Charleston-North Charleston, SC Metro Area","",""
"    Estimate","803,398","362,156"
"    Percent","803,398","(X)"
"Charlotte-Concord-Gastonia, NC-SC Metro Area","",""
"    Estimate","2,668,688","1,115,218"
"    Percent","2,668,688","(X)"
"Charlottesville, VA Metro Area","",""
"    Estimate","221,648","98,578"
"    Percent","221,648","(X)"
"Chattanooga, TN-GA Metro Area","",""
"    Estimate","564,466","248,863"
"    Percent","564,466","(X)"
"Cheyenne, WY Metro Area","",""
"    Estimate","100,316","44,389"
"    Percent","100,316","(X)"
"Chicago-Naperville-Elgin, IL-IN-WI Metro Area","",""
"    Estimate","9,566,955","3,942,534"
"    Percent","9,566,955","(X)"
"Chico, CA Metro Area","",""
"    Estimate","213,605","93,069"
"    Percent","213,605","(X)"
"Chillicothe, OH Micro Area","",""
"    Estimate","76,957","32,051"
"    Percent","76,957","(X)"
"Cincinnati, OH-KY-IN Metro Area","",""
"    Estimate","2,253,528","959,539"
"    Percent","2,253,528","(X)"
"Clarksburg, WV Micro Area","",""
"    Estimate","90,311","41,304"
"    Percent","90,311","(X)"
"Clarksdale, MS Micro Area","",""
"    Estimate","21,264","10,200"
"    Percent","21,264","(X)"
"Clarksville, TN-KY Metro Area","",""
"    Estimate","322,949","130,784"
"    Percent","322,949","(X)"
"Clearlake, CA Micro Area","",""
"    Estimate","68,024","34,313"
"    Percent","68,024","(X)"
"Cleveland, MS Micro Area","",""
"    Estimate","30,688","13,685"
"    Percent","30,688","(X)"
"Cleveland, TN Metro Area","",""
"    Estimate","126,479","53,605"
"    Percent","126,479","(X)"
"Cleveland-Elyria, OH Metro Area","",""
"    Estimate","2,079,759","968,474"
"    Percent","2,079,759","(X)"
"Clewiston, FL Micro Area","",""
"    Estimate","39,902","15,227"
"    Percent","39,902","(X)"
"Clinton, IA Micro Area","",""
"    Estimate","46,488","21,575"
"    Percent","46,488","(X)"
"Clovis, NM Micro Area","",""
"    Estimate","48,327","21,155"
"    Percent","48,327","(X)"
"Coamo, PR Micro Area","",""
"    Estimate","34,557","15,971"
"    Percent","34,557","(X)"
"Coco, PR Micro Area","",""
"    Estimate","25,688","12,874"
"    Percent","25,688","(X)"
"Coeur d'Alene, ID Metro Area","",""
"    Estimate","173,396","75,686"
"    Percent","173,396","(X)"
"Coffeyville, KS Micro Area","",""
"    Estimate","31,448","15,625"
"    Percent","31,448","(X)"
"Coldwater, MI Micro Area","",""
"    Estimate","44,795","20,776"
"    Percent","44,795","(X)"
"College Station-Bryan, TX Metro Area","",""
"    Estimate","269,418","115,179"
"    Percent","269,418","(X)"
"Colorado Springs, CO Metro Area","",""
"    Estimate","755,081","303,174"
"    Percent","755,081","(X)"
"Columbia, MO Metro Area","",""
"    Estimate","211,078","91,879"
"    Percent","211,078","(X)"
"Columbia, SC Metro Area","",""
"    Estimate","831,913","368,116"
"    Percent","831,913","(X)"
"Columbus, GA-AL Metro Area","",""
"    Estimate","326,159","143,878"
"    Percent","326,159","(X)"
"Columbus, IN Metro Area","",""
"    Estimate","82,371","35,328"
"    Percent","82,371","(X)"
"Columbus, MS Micro Area","",""
"    Estimate","58,547","26,973"
"    Percent","58,547","(X)"
"Columbus, NE Micro Area","",""
"    Estimate","34,219","14,085"
"    Percent","34,219","(X)"
"Columbus, OH Metro Area","",""
"    Estimate","2,137,223","904,907"
"    Percent","2,137,223","(X)"
"Concord, NH Micro Area","",""
"    Estimate","153,918","65,744"
"    Percent","153,918","(X)"
"Connersville, IN Micro Area","",""
"    Estimate","23,391","10,896"
"    Percent","23,391","(X)"
"Cookeville, TN Micro Area","",""
"    Estimate","114,463","51,693"
"    Percent","114,463","(X)"
"Coos Bay, OR Micro Area","",""
"    Estimate","64,908","31,476"
"    Percent","64,908","(X)"
"Cordele, GA Micro Area","",""
"    Estimate","20,255","9,926"
"    Percent","20,255","(X)"
"Corinth, MS Micro Area","",""
"    Estimate","34,717","16,256"
"    Percent","34,717","(X)"
"Cornelia, GA Micro Area","",""
"    Estimate","46,326","18,491"
"    Percent","46,326","(X)"
"Corning, NY Micro Area","",""
"    Estimate","93,584","47,507"
"    Percent","93,584","(X)"
"Corpus Christi, TX Metro Area","",""
"    Estimate","422,187","181,387"
"    Percent","422,187","(X)"
"Corsicana, TX Micro Area","",""
"    Estimate","52,834","21,429"
"    Percent","52,834","(X)"
"Cortland, NY Micro Area","",""
"    Estimate","46,755","20,803"
"    Percent","46,755","(X)"
"Corvallis, OR Metro Area","",""
"    Estimate","95,615","40,092"
"    Percent","95,615","(X)"
"Coshocton, OH Micro Area","",""
"    Estimate","36,629","16,337"
"    Percent","36,629","(X)"
"Craig, CO Micro Area","",""
"    Estimate","13,232","6,096"
"    Percent","13,232","(X)"
"Crawfordsville, IN Micro Area","",""
"    Estimate","38,018","16,504"
"    Percent","38,018","(X)"
"Crescent City, CA Micro Area","",""
"    Estimate","27,462","11,103"
"    Percent","27,462","(X)"
"Crestview-Fort Walton Beach-Destin, FL Metro Area","",""
"    Estimate","288,639","158,152"
"    Percent","288,639","(X)"
"Crossville, TN Micro Area","",""
"    Estimate","61,552","30,555"
"    Percent","61,552","(X)"
"Cullman, AL Micro Area","",""
"    Estimate","88,284","39,182"
"    Percent","88,284","(X)"
"Cullowhee, NC Micro Area","",""
"    Estimate","56,518","35,418"
"    Percent","56,518","(X)"
"Cumberland, MD-WV Metro Area","",""
"    Estimate","95,118","45,410"
"    Percent","95,118","(X)"
"Dallas-Fort Worth-Arlington, TX Metro Area","",""
"    Estimate","7,673,379","2,963,281"
"    Percent","7,673,379","(X)"
"Dalton, GA Metro Area","",""
"    Estimate","143,096","55,293"
"    Percent","143,096","(X)"
"Danville, IL Metro Area","",""
"    Estimate","74,113","34,496"
"    Percent","74,113","(X)"
"Danville, KY Micro Area","",""
"    Estimate","54,933","23,765"
"    Percent","54,933","(X)"
"Danville, VA Micro Area","",""
"    Estimate","103,048","51,817"
"    Percent","103,048","(X)"
"Daphne-Fairhope-Foley, AL Metro Area","",""
"    Estimate","233,420","125,113"
"    Percent","233,420","(X)"
"Davenport-Moline-Rock Island, IA-IL Metro Area","",""
"    Estimate","382,983","173,868"
"    Percent","382,983","(X)"
"Dayton, TN Micro Area","",""
"    Estimate","33,031","15,175"
"    Percent","33,031","(X)"
"Dayton-Kettering, OH Metro Area","",""
"    Estimate","812,506","370,302"
"    Percent","812,506","(X)"
"Decatur, AL Metro Area","",""
"    Estimate","156,218","68,594"
"    Percent","156,218","(X)"
"Decatur, IL Metro Area","",""
"    Estimate","103,542","49,757"
"    Percent","103,542","(X)"
"Decatur, IN Micro Area","",""
"    Estimate","35,827","13,212"
"    Percent","35,827","(X)"
"Defiance, OH Micro Area","",""
"    Estimate","38,300","16,563"
"    Percent","38,300","(X)"
"Del Rio, TX Micro Area","",""
"    Estimate","47,693","18,551"
"    Percent","47,693","(X)"
"Deltona-Daytona Beach-Ormond Beach, FL Metro Area","",""
"    Estimate","676,035","330,161"
"    Percent","676,035","(X)"
"Deming, NM Micro Area","",""
"    Estimate","25,393","11,514"
"    Percent","25,393","(X)"
"Denver-Aurora-Lakewood, CO Metro Area","",""
"    Estimate","2,959,386","1,245,265"
"    Percent","2,959,386","(X)"
"DeRidder, LA Micro Area","",""
"    Estimate","36,553","15,802"
"    Percent","36,553","(X)"
"Des Moines-West Des Moines, IA Metro Area","",""
"    Estimate","711,490","303,147"
"    Percent","711,490","(X)"
"Detroit-Warren-Dearborn, MI Metro Area","",""
"    Estimate","4,375,604","1,905,259"
"    Percent","4,375,604","(X)"
"Dickinson, ND Micro Area","",""
"    Estimate","33,828","15,859"
"    Percent","33,828","(X)"
"Dixon, IL Micro Area","",""
"    Estimate","34,221","14,993"
"    Percent","34,221","(X)"
"Dodge City, KS Micro Area","",""
"    Estimate","34,212","12,568"
"    Percent","34,212","(X)"
"Dothan, AL Metro Area","",""
"    Estimate","150,969","70,943"
"    Percent","150,969","(X)"
"Douglas, GA Micro Area","",""
"    Estimate","51,321","20,864"
"    Percent","51,321","(X)"
"Dover, DE Metro Area","",""
"    Estimate","182,400","73,600"
"    Percent","182,400","(X)"
"Dublin, GA Micro Area","",""
"    Estimate","65,043","28,388"
"    Percent","65,043","(X)"
"DuBois, PA Micro Area","",""
"    Estimate","79,707","38,157"
"    Percent","79,707","(X)"
"Dubuque, IA Metro Area","",""
"    Estimate","98,812","42,707"
"    Percent","98,812","(X)"
"Duluth, MN-WI Metro Area","",""
"    Estimate","291,491","149,788"
"    Percent","291,491","(X)"
"Dumas, TX Micro Area","",""
"    Estimate","21,284","8,184"
"    Percent","21,284","(X)"
"Duncan, OK Micro Area","",""
"    Estimate","43,140","20,347"
"    Percent","43,140","(X)"
"Durango, CO Micro Area","",""
"    Estimate","55,983","28,233"
"    Percent","55,983","(X)"
"Durant, OK Micro Area","",""
"    Estimate","46,528","20,396"
"    Percent","46,528","(X)"
"Durham-Chapel Hill, NC Metro Area","",""
"    Estimate","648,066","283,637"
"    Percent","648,066","(X)"
"Dyersburg, TN Micro Area","",""
"    Estimate","36,818","16,278"
"    Percent","36,818","(X)"
"Eagle Pass, TX Micro Area","",""
"    Estimate","57,806","20,063"
"    Percent","57,806","(X)"
"Easton, MD Micro Area","",""
"    Estimate","37,663","19,606"
"    Percent","37,663","(X)"
"East Stroudsburg, PA Metro Area","",""
"    Estimate","168,128","79,377"
"    Percent","168,128","(X)"
"Eau Claire, WI Metro Area","",""
"    Estimate","171,951","74,025"
"    Percent","171,951","(X)"
"Edwards, CO Micro Area","",""
"    Estimate","55,650","33,054"
"    Percent","55,650","(X)"
"Effingham, IL Micro Area","",""
"    Estimate","34,594","15,313"
"    Percent","34,594","(X)"
"El Campo, TX Micro Area","",""
"    Estimate","41,614","17,416"
"    Percent","41,614","(X)"
"El Centro, CA Metro Area","",""
"    Estimate","179,578","56,907"
"    Percent","179,578","(X)"
"El Dorado, AR Micro Area","",""
"    Estimate","38,815","18,722"
"    Percent","38,815","(X)"
"Elizabeth City, NC Micro Area","",""
"    Estimate","53,507","24,351"
"    Percent","53,507","(X)"
"Elizabethtown-Fort Knox, KY Metro Area","",""
"    Estimate","155,871","65,448"
"    Percent","155,871","(X)"
"Elk City, OK Micro Area","",""
"    Estimate","22,295","10,125"
"    Percent","22,295","(X)"
"Elkhart-Goshen, IN Metro Area","",""
"    Estimate","206,841","79,808"
"    Percent","206,841","(X)"
"Elkins, WV Micro Area","",""
"    Estimate","28,005","13,120"
"    Percent","28,005","(X)"
"Elko, NV Micro Area","",""
"    Estimate","55,222","22,835"
"    Percent","55,222","(X)"
"Ellensburg, WA Micro Area","",""
"    Estimate","44,424","23,918"
"    Percent","44,424","(X)"
"Elmira, NY Metro Area","",""
"    Estimate","83,584","39,035"
"    Percent","83,584","(X)"
"El Paso, TX Metro Area","",""
"    Estimate","867,161","318,808"
"    Percent","867,161","(X)"
"Emporia, KS Micro Area","",""
"    Estimate","34,752","16,405"
"    Percent","34,752","(X)"
"Enid, OK Metro Area","",""
"    Estimate","62,456","27,755"
"    Percent","62,456","(X)"
"Enterprise, AL Micro Area","",""
"    Estimate","53,559","24,155"
"    Percent","53,559","(X)"
"Erie, PA Metro Area","",""
"    Estimate","270,495","119,910"
"    Percent","270,495","(X)"
"Escanaba, MI Micro Area","",""
"    Estimate","36,839","19,815"
"    Percent","36,839","(X)"
"Española, NM Micro Area","",""
"    Estimate","40,285","19,616"
"    Percent","40,285","(X)"
"Eufaula, AL-GA Micro Area","",""
"    Estimate","27,057","13,388"
"    Percent","27,057","(X)"
"Eugene-Springfield, OR Metro Area","",""
"    Estimate","382,218","166,750"
"    Percent","382,218","(X)"
"Eureka-Arcata, CA Micro Area","",""
"    Estimate","136,132","62,306"
"    Percent","136,132","(X)"
"Evanston, WY Micro Area","",""
"    Estimate","20,546","8,831"
"    Percent","20,546","(X)"
"Evansville, IN-KY Metro Area","",""
"    Estimate","313,961","141,866"
"    Percent","313,961","(X)"
"Fairbanks, AK Metro Area","",""
"    Estimate","96,299","42,772"
"    Percent","96,299","(X)"
"Fairfield, IA Micro Area","",""
"    Estimate","15,785","7,685"
"    Percent","15,785","(X)"
"Fairmont, MN Micro Area","",""
"    Estimate","19,960","9,737"
"    Percent","19,960","(X)"
"Fairmont, WV Micro Area","",""
"    Estimate","56,194","26,295"
"    Percent","56,194","(X)"
"Fallon, NV Micro Area","",""
"    Estimate","25,409","10,829"
"    Percent","25,409","(X)"
"Fargo, ND-MN Metro Area","",""
"    Estimate","251,635","112,931"
"    Percent","251,635","(X)"
"Faribault-Northfield, MN Micro Area","",""
"    Estimate","67,152","25,064"
"    Percent","67,152","(X)"
"Farmington, MO Micro Area","",""
"    Estimate","66,814","28,780"
"    Percent","66,814","(X)"
"Farmington, NM Metro Area","",""
"    Estimate","121,798","48,050"
"    Percent","121,798","(X)"
"Fayetteville, NC Metro Area","",""
"    Estimate","522,537","216,276"
"    Percent","522,537","(X)"
"Fayetteville-Springdale-Rogers, AR Metro Area","",""
"    Estimate","550,596","223,045"
"    Percent","550,596","(X)"
"Fergus Falls, MN Micro Area","",""
"    Estimate","60,072","36,513"
"    Percent","60,072","(X)"
"Fernley, NV Micro Area","",""
"    Estimate","59,435","24,582"
"    Percent","59,435","(X)"
"Findlay, OH Micro Area","",""
"    Estimate","75,072","33,733"
"    Percent","75,072","(X)"
"Fitzgerald, GA Micro Area","",""
"    Estimate","17,169","8,122"
"    Percent","17,169","(X)"
"Flagstaff, AZ Metro Area","",""
"    Estimate","144,705","69,233"
"    Percent","144,705","(X)"
"Flint, MI Metro Area","",""
"    Estimate","405,280","183,775"
"    Percent","405,280","(X)"
"Florence, SC Metro Area","",""
"    Estimate","200,040","90,452"
"    Percent","200,040","(X)"
"Florence-Muscle Shoals, AL Metro Area","",""
"    Estimate","151,599","72,414"
"    Percent","151,599","(X)"
"Fond du Lac, WI Metro Area","",""
"    Estimate","104,027","45,711"
"    Percent","104,027","(X)"
"Forest City, NC Micro Area","",""
"    Estimate","64,680","32,640"
"    Percent","64,680","(X)"
"Forrest City, AR Micro Area","",""
"    Estimate","23,138","9,653"
"    Percent","23,138","(X)"
"Fort Collins, CO Metro Area","",""
"    Estimate","359,363","159,083"
"    Percent","359,363","(X)"
"Fort Dodge, IA Micro Area","",""
"    Estimate","36,986","16,981"
"    Percent","36,986","(X)"
"Fort Leonard Wood, MO Micro Area","",""
"    Estimate","53,726","19,325"
"    Percent","53,726","(X)"
"Fort Madison-Keokuk, IA-IL-MO Micro Area","",""
"    Estimate","57,717","28,062"
"    Percent","57,717","(X)"
"Fort Morgan, CO Micro Area","",""
"    Estimate","29,045","11,566"
"    Percent","29,045","(X)"
"Fort Payne, AL Micro Area","",""
"    Estimate","71,680","30,716"
"    Percent","71,680","(X)"
"Fort Polk South, LA Micro Area","",""
"    Estimate","48,452","21,996"
"    Percent","48,452","(X)"
"Fort Smith, AR-OK Metro Area","",""
"    Estimate","245,475","108,312"
"    Percent","245,475","(X)"
"Fort Wayne, IN Metro Area","",""
"    Estimate","419,715","177,632"
"    Percent","419,715","(X)"
"Frankfort, IN Micro Area","",""
"    Estimate","33,020","13,481"
"    Percent","33,020","(X)"
"Frankfort, KY Micro Area","",""
"    Estimate","75,314","34,038"
"    Percent","75,314","(X)"
"Fredericksburg, TX Micro Area","",""
"    Estimate","26,953","14,107"
"    Percent","26,953","(X)"
"Freeport, IL Micro Area","",""
"    Estimate","44,482","21,402"
"    Percent","44,482","(X)"
"Fremont, NE Micro Area","",""
"    Estimate","37,175","16,348"
"    Percent","37,175","(X)"
"Fremont, OH Micro Area","",""
"    Estimate","58,885","26,500"
"    Percent","58,885","(X)"
"Fresno, CA Metro Area","",""
"    Estimate","1,008,280","339,270"
"    Percent","1,008,280","(X)"
"Gadsden, AL Metro Area","",""
"    Estimate","103,348","47,412"
"    Percent","103,348","(X)"
"Gaffney, SC Micro Area","",""
"    Estimate","56,200","24,775"
"    Percent","56,200","(X)"
"Gainesville, FL Metro Area","",""
"    Estimate","341,067","152,302"
"    Percent","341,067","(X)"
"Gainesville, GA Metro Area","",""
"    Estimate","204,953","77,473"
"    Percent","204,953","(X)"
"Gainesville, TX Micro Area","",""
"    Estimate","41,860","17,698"
"    Percent","41,860","(X)"
"Galesburg, IL Micro Area","",""
"    Estimate","49,751","23,809"
"    Percent","49,751","(X)"
"Gallup, NM Micro Area","",""
"    Estimate","72,073","25,180"
"    Percent","72,073","(X)"
"Garden City, KS Micro Area","",""
"    Estimate","42,151","15,756"
"    Percent","42,151","(X)"
"Gardnerville Ranchos, NV Micro Area","",""
"    Estimate","49,476","24,417"
"    Percent","49,476","(X)"
"Georgetown, SC Micro Area","",""
"    Estimate","63,594","36,219"
"    Percent","63,594","(X)"
"Gettysburg, PA Metro Area","",""
"    Estimate","104,604","43,118"
"    Percent","104,604","(X)"
"Gillette, WY Micro Area","",""
"    Estimate","60,985","26,984"
"    Percent","60,985","(X)"
"Glasgow, KY Micro Area","",""
"    Estimate","54,824","24,633"
"    Percent","54,824","(X)"
"Glens Falls, NY Metro Area","",""
"    Estimate","126,994","69,102"
"    Percent","126,994","(X)"
"Glenwood Springs, CO Micro Area","",""
"    Estimate","79,008","37,613"
"    Percent","79,008","(X)"
"Gloversville, NY Micro Area","",""
"    Estimate","53,280","28,164"
"    Percent","53,280","(X)"
"Goldsboro, NC Metro Area","",""
"    Estimate","117,480","52,882"
"    Percent","117,480","(X)"
"Granbury, TX Micro Area","",""
"    Estimate","62,459","28,396"
"    Percent","62,459","(X)"
"Grand Forks, ND-MN Metro Area","",""
"    Estimate","104,055","48,239"
"    Percent","104,055","(X)"
"Grand Island, NE Metro Area","",""
"    Estimate","76,726","31,716"
"    Percent","76,726","(X)"
"Grand Junction, CO Metro Area","",""
"    Estimate","156,131","67,708"
"    Percent","156,131","(X)"
"Grand Rapids, MN Micro Area","",""
"    Estimate","45,054","25,595"
"    Percent","45,054","(X)"
"Grand Rapids-Kentwood, MI Metro Area","",""
"    Estimate","1,087,068","432,268"
"    Percent","1,087,068","(X)"
"Grants, NM Micro Area","",""
"    Estimate","27,211","11,141"
"    Percent","27,211","(X)"
"Grants Pass, OR Metro Area","",""
"    Estimate","87,994","38,939"
"    Percent","87,994","(X)"
"Great Bend, KS Micro Area","",""
"    Estimate","25,477","12,396"
"    Percent","25,477","(X)"
"Great Falls, MT Metro Area","",""
"    Estimate","84,423","39,022"
"    Percent","84,423","(X)"
"Greeley, CO Metro Area","",""
"    Estimate","331,466","120,293"
"    Percent","331,466","(X)"
"Green Bay, WI Metro Area","",""
"    Estimate","328,011","146,314"
"    Percent","328,011","(X)"
"Greeneville, TN Micro Area","",""
"    Estimate","70,399","32,300"
"    Percent","70,399","(X)"
"Greensboro-High Point, NC Metro Area","",""
"    Estimate","775,169","339,167"
"    Percent","775,169","(X)"
"Greensburg, IN Micro Area","",""
"    Estimate","26,432","11,554"
"    Percent","26,432","(X)"
"Greenville, MS Micro Area","",""
"    Estimate","44,604","20,927"
"    Percent","44,604","(X)"
"Greenville, NC Metro Area","",""
"    Estimate","171,196","80,763"
"    Percent","171,196","(X)"
"Greenville, OH Micro Area","",""
"    Estimate","51,751","22,619"
"    Percent","51,751","(X)"
"Greenville-Anderson, SC Metro Area","",""
"    Estimate","931,405","406,036"
"    Percent","931,405","(X)"
"Greenwood, MS Micro Area","",""
"    Estimate","37,850","17,612"
"    Percent","37,850","(X)"
"Greenwood, SC Micro Area","",""
"    Estimate","69,309","31,404"
"    Percent","69,309","(X)"
"Grenada, MS Micro Area","",""
"    Estimate","21,474","10,408"
"    Percent","21,474","(X)"
"Guayama, PR Metro Area","",""
"    Estimate","68,089","34,311"
"    Percent","68,089","(X)"
"Gulfport-Biloxi, MS Metro Area","",""
"    Estimate","416,839","185,213"
"    Percent","416,839","(X)"
"Guymon, OK Micro Area","",""
"    Estimate","21,144","8,448"
"    Percent","21,144","(X)"
"Hagerstown-Martinsburg, MD-WV Metro Area","",""
"    Estimate","295,165","124,157"
"    Percent","295,165","(X)"
"Hailey, ID Micro Area","",""
"    Estimate","25,381","16,240"
"    Percent","25,381","(X)"
"Hammond, LA Metro Area","",""
"    Estimate","133,953","57,354"
"    Percent","133,953","(X)"
"Hanford-Corcoran, CA Metro Area","",""
"    Estimate","152,515","46,500"
"    Percent","152,515","(X)"
"Hannibal, MO Micro Area","",""
"    Estimate","38,881","17,924"
"    Percent","38,881","(X)"
"Harrisburg-Carlisle, PA Metro Area","",""
"    Estimate","593,318","255,664"
"    Percent","593,318","(X)"
"Harrison, AR Micro Area","",""
"    Estimate","44,905","21,478"
"    Percent","44,905","(X)"
"Harrisonburg, VA Metro Area","",""
"    Estimate","135,689","54,291"
"    Percent","135,689","(X)"
"Hartford-East Hartford-Middletown, CT Metro Area","",""
"    Estimate","1,215,703","521,773"
"    Percent","1,215,703","(X)"
"Hastings, NE Micro Area","",""
"    Estimate","31,143","13,804"
"    Percent","31,143","(X)"
"Hattiesburg, MS Metro Area","",""
"    Estimate","172,176","74,649"
"    Percent","172,176","(X)"
"Hays, KS Micro Area","",""
"    Estimate","28,921","13,214"
"    Percent","28,921","(X)"
"Heber, UT Micro Area","",""
"    Estimate","77,533","40,705"
"    Percent","77,533","(X)"
"Helena, MT Micro Area","",""
"    Estimate","83,760","38,948"
"    Percent","83,760","(X)"
"Helena-West Helena, AR Micro Area","",""
"    Estimate","16,373","8,434"
"    Percent","16,373","(X)"
"Henderson, NC Micro Area","",""
"    Estimate","42,492","19,392"
"    Percent","42,492","(X)"
"Hereford, TX Micro Area","",""
"    Estimate","18,585","6,983"
"    Percent","18,585","(X)"
"Hermiston-Pendleton, OR Micro Area","",""
"    Estimate","92,044","35,988"
"    Percent","92,044","(X)"
"Hickory-Lenoir-Morganton, NC Metro Area","",""
"    Estimate","366,031","163,980"
"    Percent","366,031","(X)"
"Hillsdale, MI Micro Area","",""
"    Estimate","45,698","21,440"
"    Percent","45,698","(X)"
"Hilo, HI Micro Area","",""
"    Estimate","202,163","88,965"
"    Percent","202,163","(X)"
"Hilton Head Island-Bluffton, SC Metro Area","",""
"    Estimate","218,515","112,441"
"    Percent","218,515","(X)"
"Hinesville, GA Metro Area","",""
"    Estimate","82,354","33,260"
"    Percent","82,354","(X)"
"Hobbs, NM Micro Area","",""
"    Estimate","73,103","27,854"
"    Percent","73,103","(X)"
"Holland, MI Micro Area","",""
"    Estimate","120,189","51,880"
"    Percent","120,189","(X)"
"Homosassa Springs, FL Metro Area","",""
"    Estimate","155,173","82,142"
"    Percent","155,173","(X)"
"Hood River, OR Micro Area","",""
"    Estimate","23,965","10,131"
"    Percent","23,965","(X)"
"Hope, AR Micro Area","",""
"    Estimate","28,329","13,986"
"    Percent","28,329","(X)"
"Hot Springs, AR Metro Area","",""
"    Estimate","100,021","52,383"
"    Percent","100,021","(X)"
"Houghton, MI Micro Area","",""
"    Estimate","39,502","20,973"
"    Percent","39,502","(X)"
"Houma-Thibodaux, LA Metro Area","",""
"    Estimate","206,082","88,422"
"    Percent","206,082","(X)"
"Houston-The Woodlands-Sugar Land, TX Metro Area","",""
"    Estimate","7,142,603","2,760,561"
"    Percent","7,142,603","(X)"
"Hudson, NY Micro Area","",""
"    Estimate","61,469","33,292"
"    Percent","61,469","(X)"
"Huntingdon, PA Micro Area","",""
"    Estimate","44,123","20,957"
"    Percent","44,123","(X)"
"Huntington, IN Micro Area","",""
"    Estimate","36,699","16,241"
"    Percent","36,699","(X)"
"Huntington-Ashland, WV-KY-OH Metro Area","",""
"    Estimate","359,005","166,007"
"    Percent","359,005","(X)"
"Huntsville, AL Metro Area","",""
"    Estimate","493,980","213,929"
"    Percent","493,980","(X)"
"Huntsville, TX Micro Area","",""
"    Estimate","77,182","28,801"
"    Percent","77,182","(X)"
"Huron, SD Micro Area","",""
"    Estimate","20,925","9,452"
"    Percent","20,925","(X)"
"Hutchinson, KS Micro Area","",""
"    Estimate","61,881","28,309"
"    Percent","61,881","(X)"
"Hutchinson, MN Micro Area","",""
"    Estimate","36,727","15,869"
"    Percent","36,727","(X)"
"Idaho Falls, ID Metro Area","",""
"    Estimate","158,478","57,036"
"    Percent","158,478","(X)"
"Indiana, PA Micro Area","",""
"    Estimate","83,394","37,678"
"    Percent","83,394","(X)"
"Indianapolis-Carmel-Anderson, IN Metro Area","",""
"    Estimate","2,109,957","896,395"
"    Percent","2,109,957","(X)"
"Indianola, MS Micro Area","",""
"    Estimate","25,867","9,426"
"    Percent","25,867","(X)"
"Iowa City, IA Metro Area","",""
"    Estimate","175,894","75,769"
"    Percent","175,894","(X)"
"Iron Mountain, MI-WI Micro Area","",""
"    Estimate","30,511","18,581"
"    Percent","30,511","(X)"
"Ithaca, NY Metro Area","",""
"    Estimate","102,555","46,728"
"    Percent","102,555","(X)"
"Jackson, MI Metro Area","",""
"    Estimate","160,637","69,095"
"    Percent","160,637","(X)"
"Jackson, MS Metro Area","",""
"    Estimate","591,397","257,891"
"    Percent","591,397","(X)"
"Jackson, OH Micro Area","",""
"    Estimate","32,563","14,453"
"    Percent","32,563","(X)"
"Jackson, TN Metro Area","",""
"    Estimate","180,446","79,484"
"    Percent","180,446","(X)"
"Jackson, WY-ID Micro Area","",""
"    Estimate","35,159","19,323"
"    Percent","35,159","(X)"
"Jacksonville, FL Metro Area","",""
"    Estimate","1,613,587","695,854"
"    Percent","1,613,587","(X)"
"Jacksonville, IL Micro Area","",""
"    Estimate","37,781","17,461"
"    Percent","37,781","(X)"
"Jacksonville, NC Metro Area","",""
"    Estimate","203,686","84,531"
"    Percent","203,686","(X)"
"Jacksonville, TX Micro Area","",""
"    Estimate","50,824","20,909"
"    Percent","50,824","(X)"
"Jamestown, ND Micro Area","",""
"    Estimate","21,609","10,389"
"    Percent","21,609","(X)"
"Jamestown-Dunkirk-Fredonia, NY Micro Area","",""
"    Estimate","127,440","66,350"
"    Percent","127,440","(X)"
"Janesville-Beloit, WI Metro Area","",""
"    Estimate","163,817","70,230"
"    Percent","163,817","(X)"
"Jasper, AL Micro Area","",""
"    Estimate","64,978","30,127"
"    Percent","64,978","(X)"
"Jasper, IN Micro Area","",""
"    Estimate","55,811","24,185"
"    Percent","55,811","(X)"
"Jayuya, PR Micro Area","",""
"    Estimate","14,726","6,188"
"    Percent","14,726","(X)"
"Jefferson, GA Micro Area","",""
"    Estimate","77,033","28,209"
"    Percent","77,033","(X)"
"Jefferson City, MO Metro Area","",""
"    Estimate","150,182","64,558"
"    Percent","150,182","(X)"
"Jennings, LA Micro Area","",""
"    Estimate","32,277","14,007"
"    Percent","32,277","(X)"
"Jesup, GA Micro Area","",""
"    Estimate","30,277","12,487"
"    Percent","30,277","(X)"
"Johnson City, TN Metro Area","",""
"    Estimate","207,442","97,518"
"    Percent","207,442","(X)"
"Johnstown, PA Metro Area","",""
"    Estimate","133,263","64,522"
"    Percent","133,263","(X)"
"Jonesboro, AR Metro Area","",""
"    Estimate","134,035","57,499"
"    Percent","134,035","(X)"
"Joplin, MO Metro Area","",""
"    Estimate","181,807","77,654"
"    Percent","181,807","(X)"
"Juneau, AK Micro Area","",""
"    Estimate","32,108","14,073"
"    Percent","32,108","(X)"
"Kahului-Wailuku-Lahaina, HI Metro Area","",""
"    Estimate","164,765","71,801"
"    Percent","164,765","(X)"
"Kalamazoo-Portage, MI Metro Area","",""
"    Estimate","261,426","114,093"
"    Percent","261,426","(X)"
"Kalispell, MT Micro Area","",""
"    Estimate","105,950","50,252"
"    Percent","105,950","(X)"
"Kankakee, IL Metro Area","",""
"    Estimate","107,421","45,312"
"    Percent","107,421","(X)"
"Kansas City, MO-KS Metro Area","",""
"    Estimate","2,190,750","940,968"
"    Percent","2,190,750","(X)"
"Kapaa, HI Micro Area","",""
"    Estimate","73,511","30,236"
"    Percent","73,511","(X)"
"Kearney, NE Micro Area","",""
"    Estimate","56,758","23,989"
"    Percent","56,758","(X)"
"Keene, NH Micro Area","",""
"    Estimate","76,610","35,706"
"    Percent","76,610","(X)"
"Kendallville, IN Micro Area","",""
"    Estimate","47,431","20,127"
"    Percent","47,431","(X)"
"Kennett, MO Micro Area","",""
"    Estimate","28,174","13,492"
"    Percent","28,174","(X)"
"Kennewick-Richland, WA Metro Area","",""
"    Estimate","304,252","110,227"
"    Percent","304,252","(X)"
"Kerrville, TX Micro Area","",""
"    Estimate","52,810","25,246"
"    Percent","52,810","(X)"
"Ketchikan, AK Micro Area","",""
"    Estimate","13,910","6,615"
"    Percent","13,910","(X)"
"Key West, FL Micro Area","",""
"    Estimate","82,044","54,034"
"    Percent","82,044","(X)"
"Kill Devil Hills, NC Micro Area","",""
"    Estimate","37,160","34,493"
"    Percent","37,160","(X)"
"Killeen-Temple, TX Metro Area","",""
"    Estimate","477,577","187,316"
"    Percent","477,577","(X)"
"Kingsport-Bristol, TN-VA Metro Area","",""
"    Estimate","308,386","148,797"
"    Percent","308,386","(X)"
"Kingston, NY Metro Area","",""
"    Estimate","182,153","85,916"
"    Percent","182,153","(X)"
"Kingsville, TX Micro Area","",""
"    Estimate","30,976","14,014"
"    Percent","30,976","(X)"
"Kinston, NC Micro Area","",""
"    Estimate","55,071","26,681"
"    Percent","55,071","(X)"
"Kirksville, MO Micro Area","",""
"    Estimate","29,365","13,254"
"    Percent","29,365","(X)"
"Klamath Falls, OR Micro Area","",""
"    Estimate","69,506","32,864"
"    Percent","69,506","(X)"
"Knoxville, TN Metro Area","",""
"    Estimate","884,359","396,007"
"    Percent","884,359","(X)"
"Kokomo, IN Metro Area","",""
"    Estimate","83,452","39,613"
"    Percent","83,452","(X)"
"Laconia, NH Micro Area","",""
"    Estimate","63,914","38,478"
"    Percent","63,914","(X)"
"La Crosse-Onalaska, WI-MN Metro Area","",""
"    Estimate","139,042","61,502"
"    Percent","139,042","(X)"
"Lafayette, LA Metro Area","",""
"    Estimate","479,865","214,111"
"    Percent","479,865","(X)"
"Lafayette-West Lafayette, IN Metro Area","",""
"    Estimate","224,515","95,096"
"    Percent","224,515","(X)"
"La Grande, OR Micro Area","",""
"    Estimate","26,286","11,694"
"    Percent","26,286","(X)"
"LaGrange, GA-AL Micro Area","",""
"    Estimate","104,139","45,366"
"    Percent","104,139","(X)"
"Lake Charles, LA Metro Area","",""
"    Estimate","216,217","96,987"
"    Percent","216,217","(X)"
"Lake City, FL Micro Area","",""
"    Estimate","69,832","29,835"
"    Percent","69,832","(X)"
"Lake Havasu City-Kingman, AZ Metro Area","",""
"    Estimate","214,229","118,073"
"    Percent","214,229","(X)"
"Lakeland-Winter Haven, FL Metro Area","",""
"    Estimate","736,229","320,023"
"    Percent","736,229","(X)"
"Lamesa, TX Micro Area","",""
"    Estimate","12,342","4,892"
"    Percent","12,342","(X)"
"Lancaster, PA Metro Area","",""
"    Estimate","553,202","216,592"
"    Percent","553,202","(X)"
"Lansing-East Lansing, MI Metro Area","",""
"    Estimate","538,985","236,080"
"    Percent","538,985","(X)"
"Laramie, WY Micro Area","",""
"    Estimate","37,525","18,634"
"    Percent","37,525","(X)"
"Laredo, TX Metro Area","",""
"    Estimate","267,282","85,296"
"    Percent","267,282","(X)"
"Las Cruces, NM Metro Area","",""
"    Estimate","219,870","90,294"
"    Percent","219,870","(X)"
"Las Vegas, NM Micro Area","",""
"    Estimate","31,423","17,952"
"    Percent","31,423","(X)"
"Las Vegas-Henderson-Paradise, NV Metro Area","",""
"    Estimate","2,265,926","923,275"
"    Percent","2,265,926","(X)"
"Laurel, MS Micro Area","",""
"    Estimate","83,472","36,688"
"    Percent","83,472","(X)"
"Laurinburg, NC Micro Area","",""
"    Estimate","34,222","14,422"
"    Percent","34,222","(X)"
"Lawrence, KS Metro Area","",""
"    Estimate","119,094","52,818"
"    Percent","119,094","(X)"
"Lawrenceburg, TN Micro Area","",""
"    Estimate","44,377","18,660"
"    Percent","44,377","(X)"
"Lawton, OK Metro Area","",""
"    Estimate","127,314","55,297"
"    Percent","127,314","(X)"
"Lebanon, MO Micro Area","",""
"    Estimate","36,060","15,935"
"    Percent","36,060","(X)"
"Lebanon, NH-VT Micro Area","",""
"    Estimate","221,463","122,732"
"    Percent","221,463","(X)"
"Lebanon, PA Metro Area","",""
"    Estimate","143,258","59,213"
"    Percent","143,258","(X)"
"Levelland, TX Micro Area","",""
"    Estimate","21,495","9,184"
"    Percent","21,495","(X)"
"Lewisburg, PA Micro Area","",""
"    Estimate","42,908","16,185"
"    Percent","42,908","(X)"
"Lewisburg, TN Micro Area","",""
"    Estimate","34,567","14,357"
"    Percent","34,567","(X)"
"Lewiston, ID-WA Metro Area","",""
"    Estimate","64,570","28,491"
"    Percent","64,570","(X)"
"Lewiston-Auburn, ME Metro Area","",""
"    Estimate","111,532","49,923"
"    Percent","111,532","(X)"
"Lewistown, PA Micro Area","",""
"    Estimate","46,146","21,391"
"    Percent","46,146","(X)"
"Lexington, NE Micro Area","",""
"    Estimate","25,910","11,049"
"    Percent","25,910","(X)"
"Lexington-Fayette, KY Metro Area","",""
"    Estimate","515,954","226,808"
"    Percent","515,954","(X)"
"Liberal, KS Micro Area","",""
"    Estimate","21,942","8,268"
"    Percent","21,942","(X)"
"Lima, OH Metro Area","",""
"    Estimate","102,087","44,692"
"    Percent","102,087","(X)"
"Lincoln, IL Micro Area","",""
"    Estimate","28,027","11,985"
"    Percent","28,027","(X)"
"Lincoln, NE Metro Area","",""
"    Estimate","339,707","143,266"
"    Percent","339,707","(X)"
"Little Rock-North Little Rock-Conway, AR Metro Area","",""
"    Estimate","749,290","337,837"
"    Percent","749,290","(X)"
"Lock Haven, PA Micro Area","",""
"    Estimate","37,860","18,623"
"    Percent","37,860","(X)"
"Logan, UT-ID Metro Area","",""
"    Estimate","148,804","49,287"
"    Percent","148,804","(X)"
"Logansport, IN Micro Area","",""
"    Estimate","37,820","16,387"
"    Percent","37,820","(X)"
"London, KY Micro Area","",""
"    Estimate","149,619","64,508"
"    Percent","149,619","(X)"
"Longview, TX Metro Area","",""
"    Estimate","287,359","121,141"
"    Percent","287,359","(X)"
"Longview, WA Metro Area","",""
"    Estimate","110,621","45,540"
"    Percent","110,621","(X)"
"Los Alamos, NM Micro Area","",""
"    Estimate","19,253","8,631"
"    Percent","19,253","(X)"
"Los Angeles-Long Beach-Anaheim, CA Metro Area","",""
"    Estimate","13,111,917","4,730,219"
"    Percent","13,111,917","(X)"
"Louisville/Jefferson County, KY-IN Metro Area","",""
"    Estimate","1,282,588","561,271"
"    Percent","1,282,588","(X)"
"Lubbock, TX Metro Area","",""
"    Estimate","322,285","139,008"
"    Percent","322,285","(X)"
"Ludington, MI Micro Area","",""
"    Estimate","29,178","17,451"
"    Percent","29,178","(X)"
"Lufkin, TX Micro Area","",""
"    Estimate","86,608","36,619"
"    Percent","86,608","(X)"
"Lumberton, NC Micro Area","",""
"    Estimate","117,573","48,811"
"    Percent","117,573","(X)"
"Lynchburg, VA Metro Area","",""
"    Estimate","262,124","117,990"
"    Percent","262,124","(X)"
"Macomb, IL Micro Area","",""
"    Estimate","27,370","13,655"
"    Percent","27,370","(X)"
"Macon-Bibb County, GA Metro Area","",""
"    Estimate","233,334","103,903"
"    Percent","233,334","(X)"
"Madera, CA Metro Area","",""
"    Estimate","157,243","49,880"
"    Percent","157,243","(X)"
"Madison, IN Micro Area","",""
"    Estimate","33,057","14,414"
"    Percent","33,057","(X)"
"Madison, WI Metro Area","",""
"    Estimate","678,995","304,368"
"    Percent","678,995","(X)"
"Madisonville, KY Micro Area","",""
"    Estimate","45,223","20,949"
"    Percent","45,223","(X)"
"Magnolia, AR Micro Area","",""
"    Estimate","22,707","11,051"
"    Percent","22,707","(X)"
"Malone, NY Micro Area","",""
"    Estimate","47,459","25,352"
"    Percent","47,459","(X)"
"Malvern, AR Micro Area","",""
"    Estimate","33,129","14,247"
"    Percent","33,129","(X)"
"Manchester-Nashua, NH Metro Area","",""
"    Estimate","422,733","175,630"
"    Percent","422,733","(X)"
"Manhattan, KS Metro Area","",""
"    Estimate","133,834","56,426"
"    Percent","133,834","(X)"
"Manitowoc, WI Micro Area","",""
"    Estimate","81,242","37,821"
"    Percent","81,242","(X)"
"Mankato, MN Metro Area","",""
"    Estimate","103,402","42,725"
"    Percent","103,402","(X)"
"Mansfield, OH Metro Area","",""
"    Estimate","125,008","54,581"
"    Percent","125,008","(X)"
"Marietta, OH Micro Area","",""
"    Estimate","59,639","27,997"
"    Percent","59,639","(X)"
"Marinette, WI-MI Micro Area","",""
"    Estimate","65,260","42,610"
"    Percent","65,260","(X)"
"Marion, IN Micro Area","",""
"    Estimate","66,560","29,856"
"    Percent","66,560","(X)"
"Marion, NC Micro Area","",""
"    Estimate","44,629","21,328"
"    Percent","44,629","(X)"
"Marion, OH Micro Area","",""
"    Estimate","65,366","27,405"
"    Percent","65,366","(X)"
"Marquette, MI Micro Area","",""
"    Estimate","66,376","33,584"
"    Percent","66,376","(X)"
"Marshall, MN Micro Area","",""
"    Estimate","25,352","11,188"
"    Percent","25,352","(X)"
"Marshall, MO Micro Area","",""
"    Estimate","23,219","9,872"
"    Percent","23,219","(X)"
"Marshalltown, IA Micro Area","",""
"    Estimate","40,049","16,795"
"    Percent","40,049","(X)"
"Martin, TN Micro Area","",""
"    Estimate","32,946","15,002"
"    Percent","32,946","(X)"
"Martinsville, VA Micro Area","",""
"    Estimate","64,299","32,517"
"    Percent","64,299","(X)"
"Maryville, MO Micro Area","",""
"    Estimate","21,140","9,465"
"    Percent","21,140","(X)"
"Mason City, IA Micro Area","",""
"    Estimate","50,396","26,137"
"    Percent","50,396","(X)"
"Mayagüez, PR Metro Area","",""
"    Estimate","97,118","52,208"
"    Percent","97,118","(X)"
"Mayfield, KY Micro Area","",""
"    Estimate","36,701","16,526"
"    Percent","36,701","(X)"
"Maysville, KY Micro Area","",""
"    Estimate","17,068","8,181"
"    Percent","17,068","(X)"
"McAlester, OK Micro Area","",""
"    Estimate","43,758","22,160"
"    Percent","43,758","(X)"
"McAllen-Edinburg-Mission, TX Metro Area","",""
"    Estimate","873,167","296,286"
"    Percent","873,167","(X)"
"McComb, MS Micro Area","",""
"    Estimate","40,098","19,014"
"    Percent","40,098","(X)"
"McMinnville, TN Micro Area","",""
"    Estimate","41,163","18,164"
"    Percent","41,163","(X)"
"McPherson, KS Micro Area","",""
"    Estimate","30,085","13,082"
"    Percent","30,085","(X)"
"Meadville, PA Micro Area","",""
"    Estimate","83,876","42,234"
"    Percent","83,876","(X)"
"Medford, OR Metro Area","",""
"    Estimate","222,604","96,286"
"    Percent","222,604","(X)"
"Memphis, TN-MS-AR Metro Area","",""
"    Estimate","1,335,804","567,955"
"    Percent","1,335,804","(X)"
"Menomonie, WI Micro Area","",""
"    Estimate","45,221","18,729"
"    Percent","45,221","(X)"
"Merced, CA Metro Area","",""
"    Estimate","282,290","87,895"
"    Percent","282,290","(X)"
"Meridian, MS Micro Area","",""
"    Estimate","97,274","45,175"
"    Percent","97,274","(X)"
"Mexico, MO Micro Area","",""
"    Estimate","24,873","10,563"
"    Percent","24,873","(X)"
"Miami, OK Micro Area","",""
"    Estimate","30,472","13,699"
"    Percent","30,472","(X)"
"Miami-Fort Lauderdale-Pompano Beach, FL Metro Area","",""
"    Estimate","6,123,949","2,643,202"
"    Percent","6,123,949","(X)"
"Michigan City-La Porte, IN Metro Area","",""
"    Estimate","112,215","49,763"
"    Percent","112,215","(X)"
"Middlesborough, KY Micro Area","",""
"    Estimate","24,248","11,634"
"    Percent","24,248","(X)"
"Midland, MI Metro Area","",""
"    Estimate","83,503","36,927"
"    Percent","83,503","(X)"
"Midland, TX Metro Area","",""
"    Estimate","174,621","72,376"
"    Percent","174,621","(X)"
"Milledgeville, GA Micro Area","",""
"    Estimate","52,366","25,032"
"    Percent","52,366","(X)"
"Milwaukee-Waukesha, WI Metro Area","",""
"    Estimate","1,568,940","693,549"
"    Percent","1,568,940","(X)"
"Minden, LA Micro Area","",""
"    Estimate","36,761","18,325"
"    Percent","36,761","(X)"
"Mineral Wells, TX Micro Area","",""
"    Estimate","28,569","15,138"
"    Percent","28,569","(X)"
"Minneapolis-St. Paul-Bloomington, MN-WI Metro Area","",""
"    Estimate","3,678,328","1,509,511"
"    Percent","3,678,328","(X)"
"Minot, ND Micro Area","",""
"    Estimate","77,140","36,387"
"    Percent","77,140","(X)"
"Missoula, MT Metro Area","",""
"    Estimate","118,541","55,084"
"    Percent","118,541","(X)"
"Mitchell, SD Micro Area","",""
"    Estimate","23,409","10,786"
"    Percent","23,409","(X)"
"Moberly, MO Micro Area","",""
"    Estimate","24,652","10,801"
"    Percent","24,652","(X)"
"Mobile, AL Metro Area","",""
"    Estimate","429,312","192,624"
"    Percent","429,312","(X)"
"Modesto, CA Metro Area","",""
"    Estimate","552,063","183,317"
"    Percent","552,063","(X)"
"Monroe, LA Metro Area","",""
"    Estimate","206,072","92,549"
"    Percent","206,072","(X)"
"Monroe, MI Metro Area","",""
"    Estimate","154,823","65,946"
"    Percent","154,823","(X)"
"Montgomery, AL Metro Area","",""
"    Estimate","384,740","171,555"
"    Percent","384,740","(X)"
"Montrose, CO Micro Area","",""
"    Estimate","47,759","22,570"
"    Percent","47,759","(X)"
"Morehead City, NC Micro Area","",""
"    Estimate","68,353","51,096"
"    Percent","68,353","(X)"
"Morgan City, LA Micro Area","",""
"    Estimate","49,114","22,516"
"    Percent","49,114","(X)"
"Morgantown, WV Metro Area","",""
"    Estimate","140,194","64,740"
"    Percent","140,194","(X)"
"Morristown, TN Metro Area","",""
"    Estimate","143,196","64,105"
"    Percent","143,196","(X)"
"Moscow, ID Micro Area","",""
"    Estimate","39,872","17,301"
"    Percent","39,872","(X)"
"Moses Lake, WA Micro Area","",""
"    Estimate","99,145","38,851"
"    Percent","99,145","(X)"
"Moultrie, GA Micro Area","",""
"    Estimate","45,813","19,143"
"    Percent","45,813","(X)"
"Mountain Home, AR Micro Area","",""
"    Estimate","41,801","22,747"
"    Percent","41,801","(X)"
"Mountain Home, ID Micro Area","",""
"    Estimate","28,752","12,119"
"    Percent","28,752","(X)"
"Mount Airy, NC Micro Area","",""
"    Estimate","71,429","33,549"
"    Percent","71,429","(X)"
"Mount Gay-Shamrock, WV Micro Area","",""
"    Estimate","32,350","14,864"
"    Percent","32,350","(X)"
"Mount Pleasant, MI Micro Area","",""
"    Estimate","64,938","28,580"
"    Percent","64,938","(X)"
"Mount Pleasant, TX Micro Area","",""
"    Estimate","43,844","17,851"
"    Percent","43,844","(X)"
"Mount Sterling, KY Micro Area","",""
"    Estimate","47,101","21,022"
"    Percent","47,101","(X)"
"Mount Vernon, IL Micro Area","",""
"    Estimate","37,043","16,659"
"    Percent","37,043","(X)"
"Mount Vernon, OH Micro Area","",""
"    Estimate","62,657","25,865"
"    Percent","62,657","(X)"
"Mount Vernon-Anacortes, WA Metro Area","",""
"    Estimate","129,480","55,875"
"    Percent","129,480","(X)"
"Muncie, IN Metro Area","",""
"    Estimate","112,156","51,613"
"    Percent","112,156","(X)"
"Murray, KY Micro Area","",""
"    Estimate","37,345","17,983"
"    Percent","37,345","(X)"
"Muscatine, IA Micro Area","",""
"    Estimate","42,968","18,386"
"    Percent","42,968","(X)"
"Muskegon, MI Metro Area","",""
"    Estimate","175,947","74,639"
"    Percent","175,947","(X)"
"Muskogee, OK Micro Area","",""
"    Estimate","66,606","29,435"
"    Percent","66,606","(X)"
"Myrtle Beach-Conway-North Myrtle Beach, SC-NC Metro Area","",""
"    Estimate","496,299","297,218"
"    Percent","496,299","(X)"
"Nacogdoches, TX Micro Area","",""
"    Estimate","64,768","28,903"
"    Percent","64,768","(X)"
"Napa, CA Metro Area","",""
"    Estimate","137,384","55,588"
"    Percent","137,384","(X)"
"Naples-Marco Island, FL Metro Area","",""
"    Estimate","380,221","229,814"
"    Percent","380,221","(X)"
"Nashville-Davidson--Murfreesboro--Franklin, TN Metro Area","",""
"    Estimate","1,990,873","836,994"
"    Percent","1,990,873","(X)"
"Natchez, MS-LA Micro Area","",""
"    Estimate","48,102","23,896"
"    Percent","48,102","(X)"
"Natchitoches, LA Micro Area","",""
"    Estimate","37,478","18,605"
"    Percent","37,478","(X)"
"New Bern, NC Metro Area","",""
"    Estimate","122,678","58,926"
"    Percent","122,678","(X)"
"Newberry, SC Micro Area","",""
"    Estimate","37,918","18,313"
"    Percent","37,918","(X)"
"New Castle, IN Micro Area","",""
"    Estimate","48,913","20,978"
"    Percent","48,913","(X)"
"New Castle, PA Micro Area","",""
"    Estimate","85,907","39,647"
"    Percent","85,907","(X)"
"New Haven-Milford, CT Metro Area","",""
"    Estimate","866,377","371,281"
"    Percent","866,377","(X)"
"New Orleans-Metairie, LA Metro Area","",""
"    Estimate","1,264,357","572,691"
"    Percent","1,264,357","(X)"
"New Philadelphia-Dover, OH Micro Area","",""
"    Estimate","92,840","40,785"
"    Percent","92,840","(X)"
"Newport, OR Micro Area","",""
"    Estimate","50,334","32,094"
"    Percent","50,334","(X)"
"Newport, TN Micro Area","",""
"    Estimate","36,186","17,833"
"    Percent","36,186","(X)"
"New Ulm, MN Micro Area","",""
"    Estimate","25,880","11,765"
"    Percent","25,880","(X)"
"New York-Newark-Jersey City, NY-NJ-PA Metro Area","",""
"    Estimate","19,908,595","7,981,356"
"    Percent","19,908,595","(X)"
"Niles, MI Metro Area","",""
"    Estimate","153,938","76,948"
"    Percent","153,938","(X)"
"Nogales, AZ Micro Area","",""
"    Estimate","47,838","18,811"
"    Percent","47,838","(X)"
"Norfolk, NE Micro Area","",""
"    Estimate","48,667","20,832"
"    Percent","48,667","(X)"
"North Platte, NE Micro Area","",""
"    Estimate","35,827","17,184"
"    Percent","35,827","(X)"
"North Port-Sarasota-Bradenton, FL Metro Area","",""
"    Estimate","844,461","462,959"
"    Percent","844,461","(X)"
"North Vernon, IN Micro Area","",""
"    Estimate","27,610","11,646"
"    Percent","27,610","(X)"
"North Wilkesboro, NC Micro Area","",""
"    Estimate","66,125","31,743"
"    Percent","66,125","(X)"
"Norwalk, OH Micro Area","",""
"    Estimate","58,518","25,519"
"    Percent","58,518","(X)"
"Norwich-New London, CT Metro Area","",""
"    Estimate","268,448","122,213"
"    Percent","268,448","(X)"
"Oak Harbor, WA Micro Area","",""
"    Estimate","86,510","42,098"
"    Percent","86,510","(X)"
"Ocala, FL Metro Area","",""
"    Estimate","378,225","179,079"
"    Percent","378,225","(X)"
"Ocean City, NJ Metro Area","",""
"    Estimate","95,456","99,525"
"    Percent","95,456","(X)"
"Odessa, TX Metro Area","",""
"    Estimate","162,300","66,082"
"    Percent","162,300","(X)"
"Ogden-Clearfield, UT Metro Area","",""
"    Estimate","696,650","236,291"
"    Percent","696,650","(X)"
"Ogdensburg-Massena, NY Micro Area","",""
"    Estimate","108,670","51,780"
"    Percent","108,670","(X)"
"Oil City, PA Micro Area","",""
"    Estimate","50,475","26,276"
"    Percent","50,475","(X)"
"Okeechobee, FL Micro Area","",""
"    Estimate","39,870","18,496"
"    Percent","39,870","(X)"
"Oklahoma City, OK Metro Area","",""
"    Estimate","1,428,923","608,642"
"    Percent","1,428,923","(X)"
"Olean, NY Micro Area","",""
"    Estimate","77,000","40,254"
"    Percent","77,000","(X)"
"Olympia-Lacey-Tumwater, WA Metro Area","",""
"    Estimate","294,272","121,682"
"    Percent","294,272","(X)"
"Omaha-Council Bluffs, NE-IA Metro Area","",""
"    Estimate","966,688","402,606"
"    Percent","966,688","(X)"
"Oneonta, NY Micro Area","",""
"    Estimate","59,678","29,965"
"    Percent","59,678","(X)"
"Ontario, OR-ID Micro Area","",""
"    Estimate","57,109","21,471"
"    Percent","57,109","(X)"
"Opelousas, LA Micro Area","",""
"    Estimate","82,574","36,840"
"    Percent","82,574","(X)"
"Orangeburg, SC Micro Area","",""
"    Estimate","84,159","41,365"
"    Percent","84,159","(X)"
"Orlando-Kissimmee-Sanford, FL Metro Area","",""
"    Estimate","2,679,298","1,094,927"
"    Percent","2,679,298","(X)"
"Oshkosh-Neenah, WI Metro Area","",""
"    Estimate","171,197","76,371"
"    Percent","171,197","(X)"
"Oskaloosa, IA Micro Area","",""
"    Estimate","22,059","9,700"
"    Percent","22,059","(X)"
"Othello, WA Micro Area","",""
"    Estimate","20,557","6,774"
"    Percent","20,557","(X)"
"Ottawa, IL Micro Area","",""
"    Estimate","148,326","68,507"
"    Percent","148,326","(X)"
"Ottawa, KS Micro Area","",""
"    Estimate","25,968","11,180"
"    Percent","25,968","(X)"
"Ottumwa, IA Micro Area","",""
"    Estimate","35,292","15,754"
"    Percent","35,292","(X)"
"Owatonna, MN Micro Area","",""
"    Estimate","37,396","15,731"
"    Percent","37,396","(X)"
"Owensboro, KY Metro Area","",""
"    Estimate","121,147","52,009"
"    Percent","121,147","(X)"
"Oxford, MS Micro Area","",""
"    Estimate","56,172","28,147"
"    Percent","56,172","(X)"
"Oxnard-Thousand Oaks-Ventura, CA Metro Area","",""
"    Estimate","842,009","293,491"
"    Percent","842,009","(X)"
"Ozark, AL Micro Area","",""
"    Estimate","49,455","22,829"
"    Percent","49,455","(X)"
"Paducah, KY-IL Micro Area","",""
"    Estimate","98,430","47,259"
"    Percent","98,430","(X)"
"Pahrump, NV Micro Area","",""
"    Estimate","51,698","25,017"
"    Percent","51,698","(X)"
"Palatka, FL Micro Area","",""
"    Estimate","73,604","36,183"
"    Percent","73,604","(X)"
"Palestine, TX Micro Area","",""
"    Estimate","58,077","20,287"
"    Percent","58,077","(X)"
"Palm Bay-Melbourne-Titusville, FL Metro Area","",""
"    Estimate","610,723","290,314"
"    Percent","610,723","(X)"
"Pampa, TX Micro Area","",""
"    Estimate","22,036","10,402"
"    Percent","22,036","(X)"
"Panama City, FL Metro Area","",""
"    Estimate","181,055","104,428"
"    Percent","181,055","(X)"
"Paragould, AR Micro Area","",""
"    Estimate","45,954","19,235"
"    Percent","45,954","(X)"
"Paris, TN Micro Area","",""
"    Estimate","32,305","16,976"
"    Percent","32,305","(X)"
"Paris, TX Micro Area","",""
"    Estimate","50,149","22,688"
"    Percent","50,149","(X)"
"Parkersburg-Vienna, WV Metro Area","",""
"    Estimate","89,474","43,030"
"    Percent","89,474","(X)"
"Parsons, KS Micro Area","",""
"    Estimate","20,096","9,542"
"    Percent","20,096","(X)"
"Payson, AZ Micro Area","",""
"    Estimate","53,419","32,519"
"    Percent","53,419","(X)"
"Pearsall, TX Micro Area","",""
"    Estimate","18,151","6,335"
"    Percent","18,151","(X)"
"Pecos, TX Micro Area","",""
"    Estimate","14,118","5,119"
"    Percent","14,118","(X)"
"Pella, IA Micro Area","",""
"    Estimate","33,487","14,179"
"    Percent","33,487","(X)"
"Pensacola-Ferry Pass-Brent, FL Metro Area","",""
"    Estimate","510,290","222,708"
"    Percent","510,290","(X)"
"Peoria, IL Metro Area","",""
"    Estimate","401,702","183,619"
"    Percent","401,702","(X)"
"Peru, IN Micro Area","",""
"    Estimate","35,952","14,901"
"    Percent","35,952","(X)"
"Philadelphia-Camden-Wilmington, PA-NJ-DE-MD Metro Area","",""
"    Estimate","6,232,894","2,590,451"
"    Percent","6,232,894","(X)"
"Phoenix-Mesa-Chandler, AZ Metro Area","",""
"    Estimate","4,864,209","1,996,937"
"    Percent","4,864,209","(X)"
"Picayune, MS Micro Area","",""
"    Estimate","56,351","24,869"
"    Percent","56,351","(X)"
"Pierre, SD Micro Area","",""
"    Estimate","20,791","9,421"
"    Percent","20,791","(X)"
"Pine Bluff, AR Metro Area","",""
"    Estimate","87,498","38,771"
"    Percent","87,498","(X)"
"Pinehurst-Southern Pines, NC Micro Area","",""
"    Estimate","100,759","48,595"
"    Percent","100,759","(X)"
"Pittsburg, KS Micro Area","",""
"    Estimate","39,012","18,029"
"    Percent","39,012","(X)"
"Pittsburgh, PA Metro Area","",""
"    Estimate","2,365,501","1,126,708"
"    Percent","2,365,501","(X)"
"Pittsfield, MA Metro Area","",""
"    Estimate","128,763","69,762"
"    Percent","128,763","(X)"
"Plainview, TX Micro Area","",""
"    Estimate","32,525","13,396"
"    Percent","32,525","(X)"
"Platteville, WI Micro Area","",""
"    Estimate","51,842","22,148"
"    Percent","51,842","(X)"
"Plattsburgh, NY Micro Area","",""
"    Estimate","79,839","37,309"
"    Percent","79,839","(X)"
"Plymouth, IN Micro Area","",""
"    Estimate","46,208","19,828"
"    Percent","46,208","(X)"
"Pocatello, ID Metro Area","",""
"    Estimate","95,352","38,134"
"    Percent","95,352","(X)"
"Point Pleasant, WV-OH Micro Area","",""
"    Estimate","54,764","25,679"
"    Percent","54,764","(X)"
"Ponca City, OK Micro Area","",""
"    Estimate","43,859","20,990"
"    Percent","43,859","(X)"
"Ponce, PR Metro Area","",""
"    Estimate","222,831","101,798"
"    Percent","222,831","(X)"
"Pontiac, IL Micro Area","",""
"    Estimate","35,771","15,909"
"    Percent","35,771","(X)"
"Poplar Bluff, MO Micro Area","",""
"    Estimate","53,119","24,572"
"    Percent","53,119","(X)"
"Portales, NM Micro Area","",""
"    Estimate","19,142","8,511"
"    Percent","19,142","(X)"
"Port Angeles, WA Micro Area","",""
"    Estimate","77,333","37,994"
"    Percent","77,333","(X)"
"Portland-South Portland, ME Metro Area","",""
"    Estimate","552,916","281,528"
"    Percent","552,916","(X)"
"Portland-Vancouver-Hillsboro, OR-WA Metro Area","",""
"    Estimate","2,505,312","1,036,369"
"    Percent","2,505,312","(X)"
"Port Lavaca, TX Micro Area","",""
"    Estimate","20,127","10,696"
"    Percent","20,127","(X)"
"Port St. Lucie, FL Metro Area","",""
"    Estimate","494,081","231,647"
"    Percent","494,081","(X)"
"Portsmouth, OH Micro Area","",""
"    Estimate","73,716","33,209"
"    Percent","73,716","(X)"
"Pottsville, PA Micro Area","",""
"    Estimate","143,201","67,328"
"    Percent","143,201","(X)"
"Poughkeepsie-Newburgh-Middletown, NY Metro Area","",""
"    Estimate","697,704","269,287"
"    Percent","697,704","(X)"
"Prescott Valley-Prescott, AZ Metro Area","",""
"    Estimate","237,830","121,829"
"    Percent","237,830","(X)"
"Price, UT Micro Area","",""
"    Estimate","20,338","9,623"
"    Percent","20,338","(X)"
"Prineville, OR Micro Area","",""
"    Estimate","24,987","11,236"
"    Percent","24,987","(X)"
"Providence-Warwick, RI-MA Metro Area","",""
"    Estimate","1,670,949","726,350"
"    Percent","1,670,949","(X)"
"Provo-Orem, UT Metro Area","",""
"    Estimate","677,964","199,201"
"    Percent","677,964","(X)"
"Pueblo, CO Metro Area","",""
"    Estimate","168,135","72,364"
"    Percent","168,135","(X)"
"Pullman, WA Micro Area","",""
"    Estimate","47,141","20,974"
"    Percent","47,141","(X)"
"Punta Gorda, FL Metro Area","",""
"    Estimate","189,900","111,330"
"    Percent","189,900","(X)"
"Quincy, IL-MO Micro Area","",""
"    Estimate","75,570","34,560"
"    Percent","75,570","(X)"
"Racine, WI Metro Area","",""
"    Estimate","197,068","84,455"
"    Percent","197,068","(X)"
"Raleigh-Cary, NC Metro Area","",""
"    Estimate","1,420,825","581,802"
"    Percent","1,420,825","(X)"
"Rapid City, SD Metro Area","",""
"    Estimate","140,356","62,176"
"    Percent","140,356","(X)"
"Raymondville, TX Micro Area","",""
"    Estimate","20,308","6,820"
"    Percent","20,308","(X)"
"Reading, PA Metro Area","",""
"    Estimate","428,483","170,678"
"    Percent","428,483","(X)"
"Red Bluff, CA Micro Area","",""
"    Estimate","65,484","27,440"
"    Percent","65,484","(X)"
"Redding, CA Metro Area","",""
"    Estimate","181,852","79,626"
"    Percent","181,852","(X)"
"Red Wing, MN Micro Area","",""
"    Estimate","47,697","20,905"
"    Percent","47,697","(X)"
"Reno, NV Metro Area","",""
"    Estimate","490,769","210,414"
"    Percent","490,769","(X)"
"Rexburg, ID Micro Area","",""
"    Estimate","66,006","22,892"
"    Percent","66,006","(X)"
"Richmond, IN Micro Area","",""
"    Estimate","66,522","30,782"
"    Percent","66,522","(X)"
"Richmond, VA Metro Area","",""
"    Estimate","1,316,145","553,455"
"    Percent","1,316,145","(X)"
"Richmond-Berea, KY Micro Area","",""
"    Estimate","107,093","46,221"
"    Percent","107,093","(X)"
"Rio Grande City-Roma, TX Micro Area","",""
"    Estimate","65,716","22,828"
"    Percent","65,716","(X)"
"Riverside-San Bernardino-Ontario, CA Metro Area","",""
"    Estimate","4,610,050","1,584,750"
"    Percent","4,610,050","(X)"
"Riverton, WY Micro Area","",""
"    Estimate","39,402","17,474"
"    Percent","39,402","(X)"
"Roanoke, VA Metro Area","",""
"    Estimate","314,708","147,660"
"    Percent","314,708","(X)"
"Roanoke Rapids, NC Micro Area","",""
"    Estimate","66,300","35,499"
"    Percent","66,300","(X)"
"Rochelle, IL Micro Area","",""
"    Estimate","51,672","22,640"
"    Percent","51,672","(X)"
"Rochester, MN Metro Area","",""
"    Estimate","225,911","97,342"
"    Percent","225,911","(X)"
"Rochester, NY Metro Area","",""
"    Estimate","1,086,859","489,741"
"    Percent","1,086,859","(X)"
"Rockford, IL Metro Area","",""
"    Estimate","338,050","145,222"
"    Percent","338,050","(X)"
"Rockingham, NC Micro Area","",""
"    Estimate","43,149","19,768"
"    Percent","43,149","(X)"
"Rockport, TX Micro Area","",""
"    Estimate","24,048","15,600"
"    Percent","24,048","(X)"
"Rock Springs, WY Micro Area","",""
"    Estimate","42,079","19,198"
"    Percent","42,079","(X)"
"Rocky Mount, NC Metro Area","",""
"    Estimate","144,082","66,549"
"    Percent","144,082","(X)"
"Rolla, MO Micro Area","",""
"    Estimate","44,843","20,194"
"    Percent","44,843","(X)"
"Rome, GA Metro Area","",""
"    Estimate","98,541","40,568"
"    Percent","98,541","(X)"
"Roseburg, OR Micro Area","",""
"    Estimate","111,322","49,926"
"    Percent","111,322","(X)"
"Roswell, NM Micro Area","",""
"    Estimate","64,701","26,727"
"    Percent","64,701","(X)"
"Ruidoso, NM Micro Area","",""
"    Estimate","20,222","17,698"
"    Percent","20,222","(X)"
"Russellville, AR Micro Area","",""
"    Estimate","83,817","36,233"
"    Percent","83,817","(X)"
"Ruston, LA Micro Area","",""
"    Estimate","48,323","20,491"
"    Percent","48,323","(X)"
"Rutland, VT Micro Area","",""
"    Estimate","60,585","33,906"
"    Percent","60,585","(X)"
"Sacramento-Roseville-Folsom, CA Metro Area","",""
"    Estimate","2,394,673","936,196"
"    Percent","2,394,673","(X)"
"Safford, AZ Micro Area","",""
"    Estimate","38,453","13,755"
"    Percent","38,453","(X)"
"Saginaw, MI Metro Area","",""
"    Estimate","189,821","86,101"
"    Percent","189,821","(X)"
"St. Cloud, MN Metro Area","",""
"    Estimate","199,922","83,104"
"    Percent","199,922","(X)"
"St. George, UT Metro Area","",""
"    Estimate","183,297","75,758"
"    Percent","183,297","(X)"
"St. Joseph, MO-KS Metro Area","",""
"    Estimate","121,952","53,541"
"    Percent","121,952","(X)"
"St. Louis, MO-IL Metro Area","",""
"    Estimate","2,813,523","1,261,744"
"    Percent","2,813,523","(X)"
"St. Marys, GA Micro Area","",""
"    Estimate","55,105","22,774"
"    Percent","55,105","(X)"
"St. Marys, PA Micro Area","",""
"    Estimate","30,886","16,898"
"    Percent","30,886","(X)"
"Salem, OH Micro Area","",""
"    Estimate","101,723","46,164"
"    Percent","101,723","(X)"
"Salem, OR Metro Area","",""
"    Estimate","433,415","162,981"
"    Percent","433,415","(X)"
"Salina, KS Micro Area","",""
"    Estimate","59,928","26,796"
"    Percent","59,928","(X)"
"Salinas, CA Metro Area","",""
"    Estimate","437,609","143,743"
"    Percent","437,609","(X)"
"Salisbury, MD-DE Metro Area","",""
"    Estimate","421,982","255,255"
"    Percent","421,982","(X)"
"Salt Lake City, UT Metro Area","",""
"    Estimate","1,254,675","454,070"
"    Percent","1,254,675","(X)"
"San Angelo, TX Metro Area","",""
"    Estimate","122,229","52,835"
"    Percent","122,229","(X)"
"San Antonio-New Braunfels, TX Metro Area","",""
"    Estimate","2,570,862","1,015,924"
"    Percent","2,570,862","(X)"
"San Diego-Chula Vista-Carlsbad, CA Metro Area","",""
"    Estimate","3,289,701","1,230,349"
"    Percent","3,289,701","(X)"
"Sandpoint, ID Micro Area","",""
"    Estimate","47,976","26,374"
"    Percent","47,976","(X)"
"Sandusky, OH Micro Area","",""
"    Estimate","75,299","38,298"
"    Percent","75,299","(X)"
"Sanford, NC Micro Area","",""
"    Estimate","63,560","26,560"
"    Percent","63,560","(X)"
"San Francisco-Oakland-Berkeley, CA Metro Area","",""
"    Estimate","4,692,242","1,851,003"
"    Percent","4,692,242","(X)"
"San Germán, PR Metro Area","",""
"    Estimate","124,504","67,240"
"    Percent","124,504","(X)"
"San Jose-Sunnyvale-Santa Clara, CA Metro Area","",""
"    Estimate","1,981,584","708,772"
"    Percent","1,981,584","(X)"
"San Juan-Bayamón-Caguas, PR Metro Area","",""
"    Estimate","2,073,546","980,193"
"    Percent","2,073,546","(X)"
"San Luis Obispo-Paso Robles, CA Metro Area","",""
"    Estimate","281,712","123,968"
"    Percent","281,712","(X)"
"Santa Cruz-Watsonville, CA Metro Area","",""
"    Estimate","268,571","106,433"
"    Percent","268,571","(X)"
"Santa Fe, NM Metro Area","",""
"    Estimate","154,481","76,714"
"    Percent","154,481","(X)"
"Santa Isabel, PR Micro Area","",""
"    Estimate","20,207","9,142"
"    Percent","20,207","(X)"
"Santa Maria-Santa Barbara, CA Metro Area","",""
"    Estimate","445,213","158,807"
"    Percent","445,213","(X)"
"Santa Rosa-Petaluma, CA Metro Area","",""
"    Estimate","488,436","205,393"
"    Percent","488,436","(X)"
"Sault Ste. Marie, MI Micro Area","",""
"    Estimate","36,670","20,349"
"    Percent","36,670","(X)"
"Savannah, GA Metro Area","",""
"    Estimate","406,575","175,510"
"    Percent","406,575","(X)"
"Sayre, PA Micro Area","",""
"    Estimate","60,159","29,443"
"    Percent","60,159","(X)"
"Scottsbluff, NE Micro Area","",""
"    Estimate","37,880","17,536"
"    Percent","37,880","(X)"
"Scottsboro, AL Micro Area","",""
"    Estimate","52,618","24,706"
"    Percent","52,618","(X)"
"Scottsburg, IN Micro Area","",""
"    Estimate","24,403","10,734"
"    Percent","24,403","(X)"
"Scranton--Wilkes-Barre, PA Metro Area","",""
"    Estimate","567,287","263,631"
"    Percent","567,287","(X)"
"Searcy, AR Micro Area","",""
"    Estimate","77,118","33,395"
"    Percent","77,118","(X)"
"Seattle-Tacoma-Bellevue, WA Metro Area","",""
"    Estimate","4,001,701","1,657,075"
"    Percent","4,001,701","(X)"
"Sebastian-Vero Beach, FL Metro Area","",""
"    Estimate","160,986","83,801"
"    Percent","160,986","(X)"
"Sebring-Avon Park, FL Metro Area","",""
"    Estimate","102,339","57,605"
"    Percent","102,339","(X)"
"Sedalia, MO Micro Area","",""
"    Estimate","43,059","18,562"
"    Percent","43,059","(X)"
"Selinsgrove, PA Micro Area","",""
"    Estimate","39,797","16,003"
"    Percent","39,797","(X)"
"Selma, AL Micro Area","",""
"    Estimate","38,326","18,992"
"    Percent","38,326","(X)"
"Seneca, SC Micro Area","",""
"    Estimate","78,775","41,023"
"    Percent","78,775","(X)"
"Seneca Falls, NY Micro Area","",""
"    Estimate","33,651","16,116"
"    Percent","33,651","(X)"
"Sevierville, TN Micro Area","",""
"    Estimate","98,455","56,728"
"    Percent","98,455","(X)"
"Seymour, IN Micro Area","",""
"    Estimate","46,212","19,144"
"    Percent","46,212","(X)"
"Shawano, WI Micro Area","",""
"    Estimate","45,127","22,570"
"    Percent","45,127","(X)"
"Shawnee, OK Micro Area","",""
"    Estimate","72,734","30,051"
"    Percent","72,734","(X)"
"Sheboygan, WI Metro Area","",""
"    Estimate","117,741","52,375"
"    Percent","117,741","(X)"
"Shelby, NC Micro Area","",""
"    Estimate","99,527","43,782"
"    Percent","99,527","(X)"
"Shelbyville, TN Micro Area","",""
"    Estimate","50,533","19,813"
"    Percent","50,533","(X)"
"Shelton, WA Micro Area","",""
"    Estimate","66,053","33,461"
"    Percent","66,053","(X)"
"Sheridan, WY Micro Area","",""
"    Estimate","31,176","14,999"
"    Percent","31,176","(X)"
"Sherman-Denison, TX Metro Area","",""
"    Estimate","137,008","58,923"
"    Percent","137,008","(X)"
"Show Low, AZ Micro Area","",""
"    Estimate","107,110","56,556"
"    Percent","107,110","(X)"
"Shreveport-Bossier City, LA Metro Area","",""
"    Estimate","391,957","180,570"
"    Percent","391,957","(X)"
"Sidney, OH Micro Area","",""
"    Estimate","48,145","20,102"
"    Percent","48,145","(X)"
"Sierra Vista-Douglas, AZ Metro Area","",""
"    Estimate","125,504","59,056"
"    Percent","125,504","(X)"
"Sikeston, MO Micro Area","",""
"    Estimate","38,055","16,803"
"    Percent","38,055","(X)"
"Silver City, NM Micro Area","",""
"    Estimate","28,006","14,625"
"    Percent","28,006","(X)"
"Sioux City, IA-NE-SD Metro Area","",""
"    Estimate","149,113","60,447"
"    Percent","149,113","(X)"
"Sioux Falls, SD Metro Area","",""
"    Estimate","277,944","117,509"
"    Percent","277,944","(X)"
"Snyder, TX Micro Area","",""
"    Estimate","16,883","6,908"
"    Percent","16,883","(X)"
"Somerset, KY Micro Area","",""
"    Estimate","65,145","31,615"
"    Percent","65,145","(X)"
"Somerset, PA Micro Area","",""
"    Estimate","73,802","37,796"
"    Percent","73,802","(X)"
"Sonora, CA Micro Area","",""
"    Estimate","54,993","31,447"
"    Percent","54,993","(X)"
"South Bend-Mishawaka, IN-MI Metro Area","",""
"    Estimate","323,992","143,533"
"    Percent","323,992","(X)"
"Spartanburg, SC Metro Area","",""
"    Estimate","330,119","138,058"
"    Percent","330,119","(X)"
"Spearfish, SD Micro Area","",""
"    Estimate","26,047","14,289"
"    Percent","26,047","(X)"
"Spencer, IA Micro Area","",""
"    Estimate","16,423","8,098"
"    Percent","16,423","(X)"
"Spirit Lake, IA Micro Area","",""
"    Estimate","17,692","13,841"
"    Percent","17,692","(X)"
"Spokane-Spokane Valley, WA Metro Area","",""
"    Estimate","585,485","247,356"
"    Percent","585,485","(X)"
"Springfield, IL Metro Area","",""
"    Estimate","208,406","98,543"
"    Percent","208,406","(X)"
"Springfield, MA Metro Area","",""
"    Estimate","689,486","297,526"
"    Percent","689,486","(X)"
"Springfield, MO Metro Area","",""
"    Estimate","477,056","208,534"
"    Percent","477,056","(X)"
"Springfield, OH Metro Area","",""
"    Estimate","135,877","61,040"
"    Percent","135,877","(X)"
"Starkville, MS Micro Area","",""
"    Estimate","61,330","30,249"
"    Percent","61,330","(X)"
"State College, PA Metro Area","",""
"    Estimate","158,665","65,712"
"    Percent","158,665","(X)"
"Statesboro, GA Micro Area","",""
"    Estimate","79,829","33,086"
"    Percent","79,829","(X)"
"Staunton, VA Metro Area","",""
"    Estimate","125,355","55,256"
"    Percent","125,355","(X)"
"Steamboat Springs, CO Micro Area","",""
"    Estimate","24,944","16,642"
"    Percent","24,944","(X)"
"Stephenville, TX Micro Area","",""
"    Estimate","42,788","18,311"
"    Percent","42,788","(X)"
"Sterling, CO Micro Area","",""
"    Estimate","21,302","8,693"
"    Percent","21,302","(X)"
"Sterling, IL Micro Area","",""
"    Estimate","55,569","25,860"
"    Percent","55,569","(X)"
"Stevens Point, WI Micro Area","",""
"    Estimate","70,281","31,265"
"    Percent","70,281","(X)"
"Stillwater, OK Micro Area","",""
"    Estimate","82,058","36,748"
"    Percent","82,058","(X)"
"Stockton, CA Metro Area","",""
"    Estimate","779,445","252,327"
"    Percent","779,445","(X)"
"Storm Lake, IA Micro Area","",""
"    Estimate","20,687","8,197"
"    Percent","20,687","(X)"
"Sturgis, MI Micro Area","",""
"    Estimate","60,887","27,198"
"    Percent","60,887","(X)"
"Sulphur Springs, TX Micro Area","",""
"    Estimate","37,008","15,698"
"    Percent","37,008","(X)"
"Summerville, GA Micro Area","",""
"    Estimate","24,902","10,864"
"    Percent","24,902","(X)"
"Sumter, SC Metro Area","",""
"    Estimate","136,362","62,998"
"    Percent","136,362","(X)"
"Sunbury, PA Micro Area","",""
"    Estimate","91,340","43,417"
"    Percent","91,340","(X)"
"Susanville, CA Micro Area","",""
"    Estimate","31,873","12,266"
"    Percent","31,873","(X)"
"Sweetwater, TX Micro Area","",""
"    Estimate","14,657","7,118"
"    Percent","14,657","(X)"
"Syracuse, NY Metro Area","",""
"    Estimate","658,694","296,553"
"    Percent","658,694","(X)"
"Tahlequah, OK Micro Area","",""
"    Estimate","47,412","22,138"
"    Percent","47,412","(X)"
"Talladega-Sylacauga, AL Micro Area","",""
"    Estimate","81,105","38,088"
"    Percent","81,105","(X)"
"Tallahassee, FL Metro Area","",""
"    Estimate","386,064","173,637"
"    Percent","386,064","(X)"
"Tampa-St. Petersburg-Clearwater, FL Metro Area","",""
"    Estimate","3,194,310","1,471,328"
"    Percent","3,194,310","(X)"
"Taos, NM Micro Area","",""
"    Estimate","34,475","20,950"
"    Percent","34,475","(X)"
"Taylorville, IL Micro Area","",""
"    Estimate","33,893","15,210"
"    Percent","33,893","(X)"
"Terre Haute, IN Metro Area","",""
"    Estimate","185,357","82,289"
"    Percent","185,357","(X)"
"Texarkana, TX-AR Metro Area","",""
"    Estimate","147,453","65,526"
"    Percent","147,453","(X)"
"The Dalles, OR Micro Area","",""
"    Estimate","26,639","12,038"
"    Percent","26,639","(X)"
"The Villages, FL Metro Area","",""
"    Estimate","131,832","76,923"
"    Percent","131,832","(X)"
"Thomaston, GA Micro Area","",""
"    Estimate","27,638","12,331"
"    Percent","27,638","(X)"
"Thomasville, GA Micro Area","",""
"    Estimate","45,665","20,796"
"    Percent","45,665","(X)"
"Tiffin, OH Micro Area","",""
"    Estimate","55,062","23,960"
"    Percent","55,062","(X)"
"Tifton, GA Micro Area","",""
"    Estimate","41,247","17,392"
"    Percent","41,247","(X)"
"Toccoa, GA Micro Area","",""
"    Estimate","26,732","12,342"
"    Percent","26,732","(X)"
"Toledo, OH Metro Area","",""
"    Estimate","644,547","303,741"
"    Percent","644,547","(X)"
"Topeka, KS Metro Area","",""
"    Estimate","232,995","104,653"
"    Percent","232,995","(X)"
"Torrington, CT Micro Area","",""
"    Estimate","185,765","88,161"
"    Percent","185,765","(X)"
"Traverse City, MI Micro Area","",""
"    Estimate","153,733","85,143"
"    Percent","153,733","(X)"
"Trenton-Princeton, NJ Metro Area","",""
"    Estimate","383,732","150,035"
"    Percent","383,732","(X)"
"Troy, AL Micro Area","",""
"    Estimate","32,997","16,049"
"    Percent","32,997","(X)"
"Truckee-Grass Valley, CA Micro Area","",""
"    Estimate","102,322","53,690"
"    Percent","102,322","(X)"
"Tucson, AZ Metro Area","",""
"    Estimate","1,042,393","471,058"
"    Percent","1,042,393","(X)"
"Tullahoma-Manchester, TN Micro Area","",""
"    Estimate","107,618","47,504"
"    Percent","107,618","(X)"
"Tulsa, OK Metro Area","",""
"    Estimate","1,017,724","438,892"
"    Percent","1,017,724","(X)"
"Tupelo, MS Micro Area","",""
"    Estimate","163,378","72,695"
"    Percent","163,378","(X)"
"Tuscaloosa, AL Metro Area","",""
"    Estimate","272,931","121,779"
"    Percent","272,931","(X)"
"Twin Falls, ID Metro Area","",""
"    Estimate","115,066","43,638"
"    Percent","115,066","(X)"
"Tyler, TX Metro Area","",""
"    Estimate","234,667","97,561"
"    Percent","234,667","(X)"
"Ukiah, CA Micro Area","",""
"    Estimate","91,145","41,380"
"    Percent","91,145","(X)"
"Union, SC Micro Area","",""
"    Estimate","27,158","13,508"
"    Percent","27,158","(X)"
"Union City, TN Micro Area","",""
"    Estimate","30,670","14,335"
"    Percent","30,670","(X)"
"Urbana, OH Micro Area","",""
"    Estimate","38,715","16,870"
"    Percent","38,715","(X)"
"Urban Honolulu, HI Metro Area","",""
"    Estimate","1,010,100","369,775"
"    Percent","1,010,100","(X)"
"Utica-Rome, NY Metro Area","",""
"    Estimate","291,348","137,499"
"    Percent","291,348","(X)"
"Uvalde, TX Micro Area","",""
"    Estimate","24,833","10,108"
"    Percent","24,833","(X)"
"Valdosta, GA Metro Area","",""
"    Estimate","148,203","62,236"
"    Percent","148,203","(X)"
"Vallejo, CA Metro Area","",""
"    Estimate","450,995","162,513"
"    Percent","450,995","(X)"
"Van Wert, OH Micro Area","",""
"    Estimate","28,833","12,560"
"    Percent","28,833","(X)"
"Vermillion, SD Micro Area","",""
"    Estimate","14,953","6,152"
"    Percent","14,953","(X)"
"Vernal, UT Micro Area","",""
"    Estimate","35,951","13,689"
"    Percent","35,951","(X)"
"Vernon, TX Micro Area","",""
"    Estimate","12,795","5,861"
"    Percent","12,795","(X)"
"Vicksburg, MS Micro Area","",""
"    Estimate","44,341","21,533"
"    Percent","44,341","(X)"
"Victoria, TX Metro Area","",""
"    Estimate","98,301","42,506"
"    Percent","98,301","(X)"
"Vidalia, GA Micro Area","",""
"    Estimate","35,633","15,835"
"    Percent","35,633","(X)"
"Vincennes, IN Micro Area","",""
"    Estimate","36,148","16,938"
"    Percent","36,148","(X)"
"Vineland-Bridgeton, NJ Metro Area","",""
"    Estimate","153,588","57,143"
"    Percent","153,588","(X)"
"Vineyard Haven, MA Micro Area","",""
"    Estimate","20,543","17,621"
"    Percent","20,543","(X)"
"Virginia Beach-Norfolk-Newport News, VA-NC Metro Area","",""
"    Estimate","1,798,025","761,331"
"    Percent","1,798,025","(X)"
"Visalia, CA Metro Area","",""
"    Estimate","473,446","151,190"
"    Percent","473,446","(X)"
"Wabash, IN Micro Area","",""
"    Estimate","31,032","14,053"
"    Percent","31,032","(X)"
"Waco, TX Metro Area","",""
"    Estimate","278,103","113,577"
"    Percent","278,103","(X)"
"Wahpeton, ND-MN Micro Area","",""
"    Estimate","23,002","10,529"
"    Percent","23,002","(X)"
"Walla Walla, WA Metro Area","",""
"    Estimate","62,150","25,032"
"    Percent","62,150","(X)"
"Wapakoneta, OH Micro Area","",""
"    Estimate","46,263","19,961"
"    Percent","46,263","(X)"
"Warner Robins, GA Metro Area","",""
"    Estimate","192,171","78,912"
"    Percent","192,171","(X)"
"Warren, PA Micro Area","",""
"    Estimate","38,492","21,694"
"    Percent","38,492","(X)"
"Warrensburg, MO Micro Area","",""
"    Estimate","54,025","22,605"
"    Percent","54,025","(X)"
"Warsaw, IN Micro Area","",""
"    Estimate","80,442","38,312"
"    Percent","80,442","(X)"
"Washington, IN Micro Area","",""
"    Estimate","33,337","12,739"
"    Percent","33,337","(X)"
"Washington, NC Micro Area","",""
"    Estimate","44,711","24,299"
"    Percent","44,711","(X)"
"Washington-Arlington-Alexandria, DC-VA-MD-WV Metro Area","",""
"    Estimate","6,346,083","2,500,311"
"    Percent","6,346,083","(X)"
"Washington Court House, OH Micro Area","",""
"    Estimate","28,901","12,685"
"    Percent","28,901","(X)"
"Waterloo-Cedar Falls, IA Metro Area","",""
"    Estimate","168,404","74,549"
"    Percent","168,404","(X)"
"Watertown, SD Micro Area","",""
"    Estimate","34,598","16,045"
"    Percent","34,598","(X)"
"Watertown-Fort Atkinson, WI Micro Area","",""
"    Estimate","85,932","36,469"
"    Percent","85,932","(X)"
"Watertown-Fort Drum, NY Metro Area","",""
"    Estimate","117,445","61,573"
"    Percent","117,445","(X)"
"Wauchula, FL Micro Area","",""
"    Estimate","25,528","9,837"
"    Percent","25,528","(X)"
"Wausau-Weston, WI Metro Area","",""
"    Estimate","166,222","76,131"
"    Percent","166,222","(X)"
"Waycross, GA Micro Area","",""
"    Estimate","55,739","24,310"
"    Percent","55,739","(X)"
"Weatherford, OK Micro Area","",""
"    Estimate","28,391","12,907"
"    Percent","28,391","(X)"
"Weirton-Steubenville, WV-OH Metro Area","",""
"    Estimate","116,536","56,207"
"    Percent","116,536","(X)"
"Wenatchee, WA Metro Area","",""
"    Estimate","122,265","55,019"
"    Percent","122,265","(X)"
"West Plains, MO Micro Area","",""
"    Estimate","39,960","18,081"
"    Percent","39,960","(X)"
"West Point, MS Micro Area","",""
"    Estimate","18,598","9,018"
"    Percent","18,598","(X)"
"Wheeling, WV-OH Metro Area","",""
"    Estimate","139,287","67,612"
"    Percent","139,287","(X)"
"Whitewater, WI Micro Area","",""
"    Estimate","105,127","53,231"
"    Percent","105,127","(X)"
"Wichita, KS Metro Area","",""
"    Estimate","646,794","276,052"
"    Percent","646,794","(X)"
"Wichita Falls, TX Metro Area","",""
"    Estimate","148,523","64,650"
"    Percent","148,523","(X)"
"Williamsport, PA Metro Area","",""
"    Estimate","114,022","52,671"
"    Percent","114,022","(X)"
"Williston, ND Micro Area","",""
"    Estimate","39,076","20,185"
"    Percent","39,076","(X)"
"Willmar, MN Micro Area","",""
"    Estimate","43,686","20,032"
"    Percent","43,686","(X)"
"Wilmington, NC Metro Area","",""
"    Estimate","289,726","144,908"
"    Percent","289,726","(X)"
"Wilmington, OH Micro Area","",""
"    Estimate","42,077","17,938"
"    Percent","42,077","(X)"
"Wilson, NC Micro Area","",""
"    Estimate","78,667","36,429"
"    Percent","78,667","(X)"
"Winchester, VA-WV Metro Area","",""
"    Estimate","143,385","60,881"
"    Percent","143,385","(X)"
"Winfield, KS Micro Area","",""
"    Estimate","34,661","15,626"
"    Percent","34,661","(X)"
"Winnemucca, NV Micro Area","",""
"    Estimate","17,266","7,671"
"    Percent","17,266","(X)"
"Winona, MN Micro Area","",""
"    Estimate","49,792","21,702"
"    Percent","49,792","(X)"
"Winston-Salem, NC Metro Area","",""
"    Estimate","678,243","303,193"
"    Percent","678,243","(X)"
"Wisconsin Rapids-Marshfield, WI Micro Area","",""
"    Estimate","74,138","34,558"
"    Percent","74,138","(X)"
"Woodward, OK Micro Area","",""
"    Estimate","24,166","11,515"
"    Percent","24,166","(X)"
"Wooster, OH Micro Area","",""
"    Estimate","116,680","46,649"
"    Percent","116,680","(X)"
"Worcester, MA-CT Metro Area","",""
"    Estimate","975,551","401,365"
"    Percent","975,551","(X)"
"Worthington, MN Micro Area","",""
"    Estimate","22,194","8,424"
"    Percent","22,194","(X)"
"Yakima, WA Metro Area","",""
"    Estimate","256,143","90,660"
"    Percent","256,143","(X)"
"Yankton, SD Micro Area","",""
"    Estimate","23,311","10,405"
"    Percent","23,311","(X)"
"Yauco, PR Metro Area","",""
"    Estimate","85,638","43,578"
"    Percent","85,638","(X)"
"York-Hanover, PA Metro Area","",""
"    Estimate","457,051","187,450"
"    Percent","457,051","(X)"
"Youngstown-Warren-Boardman, OH-PA Metro Area","",""
"    Estimate","540,328","253,694"
"    Percent","540,328","(X)"
"Yuba City, CA Metro Area","",""
"    Estimate","180,806","64,186"
"    Percent","180,806","(X)"
"Yuma, AZ Metro Area","",""
"    Estimate","204,374","92,808"
"    Percent","204,374","(X)"
"Zanesville, OH Micro Area","",""
"    Estimate","86,393","38,348"
"    Percent","86,393","(X)"
"Zapata, TX Micro Area","",""
"    Estimate","13,896","6,183"
"    Percent","13,896","(X)"