"Label (Grouping)","Total:","Total:!!Occupied","Total:!!Vacant"
"Aberdeen, SD Micro Area","","",""
"    Aberdeen, SD Micro Area","19,825","17,676","2,149"
"Aberdeen, WA Micro Area","","",""
"    Aberdeen, WA Micro Area","36,058","29,869","6,189"
"Abilene, TX Metro Area","","",""
"    Abilene, TX Metro Area","74,341","65,806","8,535"
"Ada, OK Micro Area","","",""
"    Ada, OK Micro Area","17,406","15,179","2,227"
"Adrian, MI Micro Area","","",""
"    Adrian, MI Micro Area","43,577","38,581","4,996"
"Aguadilla-Isabela, PR Metro Area","","",""
"    Aguadilla-Isabela, PR Metro Area","150,383","125,759","24,624"
"Akron, OH Metro Area","","",""
"    Akron, OH Metro Area","317,145","294,385","22,760"
"Alamogordo, NM Micro Area","","",""
"    Alamogordo, NM Micro Area","32,210","25,932","6,278"
"Albany, GA Metro Area","","",""
"    Albany, GA Metro Area","66,756","59,070","7,686"
"Albany-Lebanon, OR Metro Area","","",""
"    Albany-Lebanon, OR Metro Area","51,921","49,344","2,577"
"Albany-Schenectady-Troy, NY Metro Area","","",""
"    Albany-Schenectady-Troy, NY Metro Area","417,490","376,039","41,451"
"Albemarle, NC Micro Area","","",""
"    Albemarle, NC Micro Area","27,685","24,742","2,943"
"Albert Lea, MN Micro Area","","",""
"    Albert Lea, MN Micro Area","14,114","13,076","1,038"
"Albertville, AL Micro Area","","",""
"    Albertville, AL Micro Area","41,245","37,257","3,988"
"Albuquerque, NM Metro Area","","",""
"    Albuquerque, NM Metro Area","395,152","367,863","27,289"
"Alexander City, AL Micro Area","","",""
"    Alexander City, AL Micro Area","28,685","21,827","6,858"
"Alexandria, LA Metro Area","","",""
"    Alexandria, LA Metro Area","66,906","59,091","7,815"
"Alexandria, MN Micro Area","","",""
"    Alexandria, MN Micro Area","21,769","16,557","5,212"
"Alice, TX Micro Area","","",""
"    Alice, TX Micro Area","20,552","17,271","3,281"
"Allentown-Bethlehem-Easton, PA-NJ Metro Area","","",""
"    Allentown-Bethlehem-Easton, PA-NJ Metro Area","358,023","334,162","23,861"
"Alma, MI Micro Area","","",""
"    Alma, MI Micro Area","16,032","14,764","1,268"
"Alpena, MI Micro Area","","",""
"    Alpena, MI Micro Area","15,645","12,901","2,744"
"Altoona, PA Metro Area","","",""
"    Altoona, PA Metro Area","55,700","51,227","4,473"
"Altus, OK Micro Area","","",""
"    Altus, OK Micro Area","12,017","9,795","2,222"
"Amarillo, TX Metro Area","","",""
"    Amarillo, TX Metro Area","113,641","102,068","11,573"
"Americus, GA Micro Area","","",""
"    Americus, GA Micro Area","15,419","13,411","2,008"
"Ames, IA Metro Area","","",""
"    Ames, IA Metro Area","53,282","49,254","4,028"
"Amsterdam, NY Micro Area","","",""
"    Amsterdam, NY Micro Area","22,857","19,968","2,889"
"Anchorage, AK Metro Area","","",""
"    Anchorage, AK Metro Area","169,717","147,723","21,994"
"Andrews, TX Micro Area","","",""
"    Andrews, TX Micro Area","7,020","6,262","758"
"Angola, IN Micro Area","","",""
"    Angola, IN Micro Area","18,837","13,766","5,071"
"Ann Arbor, MI Metro Area","","",""
"    Ann Arbor, MI Metro Area","156,882","147,847","9,035"
"Anniston-Oxford, AL Metro Area","","",""
"    Anniston-Oxford, AL Metro Area","53,052","46,437","6,615"
"Appleton, WI Metro Area","","",""
"    Appleton, WI Metro Area","100,642","96,790","3,852"
"Arcadia, FL Micro Area","","",""
"    Arcadia, FL Micro Area","15,548","11,941","3,607"
"Ardmore, OK Micro Area","","",""
"    Ardmore, OK Micro Area","26,264","22,933","3,331"
"Arecibo, PR Metro Area","","",""
"    Arecibo, PR Metro Area","84,970","73,515","11,455"
"Arkadelphia, AR Micro Area","","",""
"    Arkadelphia, AR Micro Area","9,977","8,170","1,807"
"Asheville, NC Metro Area","","",""
"    Asheville, NC Metro Area","231,509","201,667","29,842"
"Ashland, OH Micro Area","","",""
"    Ashland, OH Micro Area","22,471","20,700","1,771"
"Ashtabula, OH Micro Area","","",""
"    Ashtabula, OH Micro Area","46,237","39,329","6,908"
"Astoria, OR Micro Area","","",""
"    Astoria, OR Micro Area","23,017","17,533","5,484"
"Atchison, KS Micro Area","","",""
"    Atchison, KS Micro Area","6,814","6,109","705"
"Athens, OH Micro Area","","",""
"    Athens, OH Micro Area","26,386","23,696","2,690"
"Athens, TN Micro Area","","",""
"    Athens, TN Micro Area","23,934","21,340","2,594"
"Athens, TX Micro Area","","",""
"    Athens, TX Micro Area","40,643","32,748","7,895"
"Athens-Clarke County, GA Metro Area","","",""
"    Athens-Clarke County, GA Metro Area","89,257","83,071","6,186"
"Atlanta-Sandy Springs-Alpharetta, GA Metro Area","","",""
"    Atlanta-Sandy Springs-Alpharetta, GA Metro Area","2,414,292","2,258,264","156,028"
"Atlantic City-Hammonton, NJ Metro Area","","",""
"    Atlantic City-Hammonton, NJ Metro Area","132,038","106,716","25,322"
"Atmore, AL Micro Area","","",""
"    Atmore, AL Micro Area","16,684","14,499","2,185"
"Auburn, IN Micro Area","","",""
"    Auburn, IN Micro Area","18,096","16,868","1,228"
"Auburn, NY Micro Area","","",""
"    Auburn, NY Micro Area","36,660","31,328","5,332"
"Auburn-Opelika, AL Metro Area","","",""
"    Auburn-Opelika, AL Metro Area","74,856","68,728","6,128"
"Augusta-Richmond County, GA-SC Metro Area","","",""
"    Augusta-Richmond County, GA-SC Metro Area","263,559","238,635","24,924"
"Augusta-Waterville, ME Micro Area","","",""
"    Augusta-Waterville, ME Micro Area","62,607","53,223","9,384"
"Austin, MN Micro Area","","",""
"    Austin, MN Micro Area","16,928","15,700","1,228"
"Austin-Round Rock-Georgetown, TX Metro Area","","",""
"    Austin-Round Rock-Georgetown, TX Metro Area","946,764","880,668","66,096"
"Bainbridge, GA Micro Area","","",""
"    Bainbridge, GA Micro Area","13,036","11,466","1,570"
"Bakersfield, CA Metro Area","","",""
"    Bakersfield, CA Metro Area","301,009","281,498","19,511"
"Baltimore-Columbia-Towson, MD Metro Area","","",""
"    Baltimore-Columbia-Towson, MD Metro Area","1,190,095","1,100,767","89,328"
"Bangor, ME Metro Area","","",""
"    Bangor, ME Metro Area","74,878","64,250","10,628"
"Baraboo, WI Micro Area","","",""
"    Baraboo, WI Micro Area","30,784","27,094","3,690"
"Bardstown, KY Micro Area","","",""
"    Bardstown, KY Micro Area","19,716","18,462","1,254"
"Barnstable Town, MA Metro Area","","",""
"    Barnstable Town, MA Metro Area","164,885","103,368","61,517"
"Barre, VT Micro Area","","",""
"    Barre, VT Micro Area","30,645","25,842","4,803"
"Bartlesville, OK Micro Area","","",""
"    Bartlesville, OK Micro Area","23,713","21,071","2,642"
"Batavia, NY Micro Area","","",""
"    Batavia, NY Micro Area","26,013","24,213","1,800"
"Batesville, AR Micro Area","","",""
"    Batesville, AR Micro Area","26,166","22,290","3,876"
"Baton Rouge, LA Metro Area","","",""
"    Baton Rouge, LA Metro Area","375,423","333,688","41,735"
"Battle Creek, MI Metro Area","","",""
"    Battle Creek, MI Metro Area","59,518","54,406","5,112"
"Bay City, MI Metro Area","","",""
"    Bay City, MI Metro Area","48,562","45,005","3,557"
"Bay City, TX Micro Area","","",""
"    Bay City, TX Micro Area","18,476","13,716","4,760"
"Beatrice, NE Micro Area","","",""
"    Beatrice, NE Micro Area","10,327","9,284","1,043"
"Beaumont-Port Arthur, TX Metro Area","","",""
"    Beaumont-Port Arthur, TX Metro Area","169,646","150,085","19,561"
"Beaver Dam, WI Micro Area","","",""
"    Beaver Dam, WI Micro Area","38,123","35,437","2,686"
"Beckley, WV Metro Area","","",""
"    Beckley, WV Metro Area","53,670","46,767","6,903"
"Bedford, IN Micro Area","","",""
"    Bedford, IN Micro Area","20,484","18,542","1,942"
"Beeville, TX Micro Area","","",""
"    Beeville, TX Micro Area","10,562","8,896","1,666"
"Bellefontaine, OH Micro Area","","",""
"    Bellefontaine, OH Micro Area","23,657","19,062","4,595"
"Bellingham, WA Metro Area","","",""
"    Bellingham, WA Metro Area","100,064","90,123","9,941"
"Bemidji, MN Micro Area","","",""
"    Bemidji, MN Micro Area","21,271","17,678","3,593"
"Bend, OR Metro Area","","",""
"    Bend, OR Metro Area","94,110","80,217","13,893"
"Bennettsville, SC Micro Area","","",""
"    Bennettsville, SC Micro Area","12,029","10,241","1,788"
"Bennington, VT Micro Area","","",""
"    Bennington, VT Micro Area","20,815","15,699","5,116"
"Berlin, NH Micro Area","","",""
"    Berlin, NH Micro Area","20,444","13,908","6,536"
"Big Rapids, MI Micro Area","","",""
"    Big Rapids, MI Micro Area","20,884","16,013","4,871"
"Big Spring, TX Micro Area","","",""
"    Big Spring, TX Micro Area","14,000","11,674","2,326"
"Big Stone Gap, VA Micro Area","","",""
"    Big Stone Gap, VA Micro Area","18,578","16,045","2,533"
"Billings, MT Metro Area","","",""
"    Billings, MT Metro Area","82,822","76,049","6,773"
"Binghamton, NY Metro Area","","",""
"    Binghamton, NY Metro Area","114,356","101,966","12,390"
"Birmingham-Hoover, AL Metro Area","","",""
"    Birmingham-Hoover, AL Metro Area","487,824","440,912","46,912"
"Bismarck, ND Metro Area","","",""
"    Bismarck, ND Metro Area","58,711","54,514","4,197"
"Blackfoot, ID Micro Area","","",""
"    Blackfoot, ID Micro Area","16,905","15,891","1,014"
"Blacksburg-Christiansburg, VA Metro Area","","",""
"    Blacksburg-Christiansburg, VA Metro Area","72,858","65,445","7,413"
"Bloomington, IL Metro Area","","",""
"    Bloomington, IL Metro Area","74,855","69,096","5,759"
"Bloomington, IN Metro Area","","",""
"    Bloomington, IN Metro Area","73,401","66,913","6,488"
"Bloomsburg-Berwick, PA Metro Area","","",""
"    Bloomsburg-Berwick, PA Metro Area","37,737","33,899","3,838"
"Bluefield, WV-VA Micro Area","","",""
"    Bluefield, WV-VA Micro Area","52,335","44,827","7,508"
"Bluffton, IN Micro Area","","",""
"    Bluffton, IN Micro Area","11,938","11,134","804"
"Blytheville, AR Micro Area","","",""
"    Blytheville, AR Micro Area","19,075","16,036","3,039"
"Bogalusa, LA Micro Area","","",""
"    Bogalusa, LA Micro Area","21,341","17,944","3,397"
"Boise City, ID Metro Area","","",""
"    Boise City, ID Metro Area","295,639","280,112","15,527"
"Bonham, TX Micro Area","","",""
"    Bonham, TX Micro Area","14,640","12,857","1,783"
"Boone, NC Micro Area","","",""
"    Boone, NC Micro Area","32,637","21,413","11,224"
"Borger, TX Micro Area","","",""
"    Borger, TX Micro Area","10,166","8,171","1,995"
"Boston-Cambridge-Newton, MA-NH Metro Area","","",""
"    Boston-Cambridge-Newton, MA-NH Metro Area","2,032,387","1,912,456","119,931"
"Boulder, CO Metro Area","","",""
"    Boulder, CO Metro Area","140,848","132,551","8,297"
"Bowling Green, KY Metro Area","","",""
"    Bowling Green, KY Metro Area","77,863","69,245","8,618"
"Bozeman, MT Micro Area","","",""
"    Bozeman, MT Micro Area","52,835","47,117","5,718"
"Bradford, PA Micro Area","","",""
"    Bradford, PA Micro Area","19,416","16,470","2,946"
"Brainerd, MN Micro Area","","",""
"    Brainerd, MN Micro Area","65,440","40,486","24,954"
"Branson, MO Micro Area","","",""
"    Branson, MO Micro Area","29,391","22,486","6,905"
"Breckenridge, CO Micro Area","","",""
"    Breckenridge, CO Micro Area","31,342","12,939","18,403"
"Bremerton-Silverdale-Port Orchard, WA Metro Area","","",""
"    Bremerton-Silverdale-Port Orchard, WA Metro Area","113,248","105,803","7,445"
"Brenham, TX Micro Area","","",""
"    Brenham, TX Micro Area","16,838","13,906","2,932"
"Brevard, NC Micro Area","","",""
"    Brevard, NC Micro Area","19,025","14,385","4,640"
"Bridgeport-Stamford-Norwalk, CT Metro Area","","",""
"    Bridgeport-Stamford-Norwalk, CT Metro Area","378,479","354,084","24,395"
"Brookhaven, MS Micro Area","","",""
"    Brookhaven, MS Micro Area","15,744","13,939","1,805"
"Brookings, OR Micro Area","","",""
"    Brookings, OR Micro Area","13,018","10,953","2,065"
"Brookings, SD Micro Area","","",""
"    Brookings, SD Micro Area","14,849","13,120","1,729"
"Brownsville, TN Micro Area","","",""
"    Brownsville, TN Micro Area","8,240","7,424","816"
"Brownsville-Harlingen, TX Metro Area","","",""
"    Brownsville-Harlingen, TX Metro Area","154,905","132,507","22,398"
"Brownwood, TX Micro Area","","",""
"    Brownwood, TX Micro Area","18,897","15,074","3,823"
"Brunswick, GA Metro Area","","",""
"    Brunswick, GA Metro Area","56,914","45,935","10,979"
"Bucyrus-Galion, OH Micro Area","","",""
"    Bucyrus-Galion, OH Micro Area","19,865","18,069","1,796"
"Buffalo-Cheektowaga, NY Metro Area","","",""
"    Buffalo-Cheektowaga, NY Metro Area","538,903","495,456","43,447"
"Burley, ID Micro Area","","",""
"    Burley, ID Micro Area","17,056","15,870","1,186"
"Burlington, IA-IL Micro Area","","",""
"    Burlington, IA-IL Micro Area","22,139","19,585","2,554"
"Burlington, NC Metro Area","","",""
"    Burlington, NC Metro Area","73,385","67,925","5,460"
"Burlington-South Burlington, VT Metro Area","","",""
"    Burlington-South Burlington, VT Metro Area","100,992","92,140","8,852"
"Butte-Silver Bow, MT Micro Area","","",""
"    Butte-Silver Bow, MT Micro Area","17,247","15,450","1,797"
"Cadillac, MI Micro Area","","",""
"    Cadillac, MI Micro Area","25,033","19,533","5,500"
"Calhoun, GA Micro Area","","",""
"    Calhoun, GA Micro Area","22,736","21,210","1,526"
"California-Lexington Park, MD Metro Area","","",""
"    California-Lexington Park, MD Metro Area","45,560","41,845","3,715"
"Cambridge, MD Micro Area","","",""
"    Cambridge, MD Micro Area","16,383","13,721","2,662"
"Cambridge, OH Micro Area","","",""
"    Cambridge, OH Micro Area","19,009","16,100","2,909"
"Camden, AR Micro Area","","",""
"    Camden, AR Micro Area","14,281","11,963","2,318"
"Campbellsville, KY Micro Area","","",""
"    Campbellsville, KY Micro Area","16,469","14,777","1,692"
"Cañon City, CO Micro Area","","",""
"    Cañon City, CO Micro Area","20,243","17,871","2,372"
"Canton-Massillon, OH Metro Area","","",""
"    Canton-Massillon, OH Metro Area","180,194","166,457","13,737"
"Cape Coral-Fort Myers, FL Metro Area","","",""
"    Cape Coral-Fort Myers, FL Metro Area","416,332","318,303","98,029"
"Cape Girardeau, MO-IL Metro Area","","",""
"    Cape Girardeau, MO-IL Metro Area","43,679","39,105","4,574"
"Carbondale-Marion, IL Metro Area","","",""
"    Carbondale-Marion, IL Metro Area","65,087","55,915","9,172"
"Carlsbad-Artesia, NM Micro Area","","",""
"    Carlsbad-Artesia, NM Micro Area","26,277","22,751","3,526"
"Carroll, IA Micro Area","","",""
"    Carroll, IA Micro Area","9,490","8,764","726"
"Carson City, NV Metro Area","","",""
"    Carson City, NV Metro Area","24,564","23,419","1,145"
"Casper, WY Metro Area","","",""
"    Casper, WY Metro Area","36,808","32,699","4,109"
"Cedar City, UT Micro Area","","",""
"    Cedar City, UT Micro Area","21,752","18,731","3,021"
"Cedar Rapids, IA Metro Area","","",""
"    Cedar Rapids, IA Metro Area","121,177","113,146","8,031"
"Cedartown, GA Micro Area","","",""
"    Cedartown, GA Micro Area","17,274","15,999","1,275"
"Celina, OH Micro Area","","",""
"    Celina, OH Micro Area","17,888","16,288","1,600"
"Central City, KY Micro Area","","",""
"    Central City, KY Micro Area","13,491","11,955","1,536"
"Centralia, IL Micro Area","","",""
"    Centralia, IL Micro Area","17,358","15,620","1,738"
"Centralia, WA Micro Area","","",""
"    Centralia, WA Micro Area","35,412","31,693","3,719"
"Chambersburg-Waynesboro, PA Metro Area","","",""
"    Chambersburg-Waynesboro, PA Metro Area","66,368","62,067","4,301"
"Champaign-Urbana, IL Metro Area","","",""
"    Champaign-Urbana, IL Metro Area","100,435","91,237","9,198"
"Charleston, WV Metro Area","","",""
"    Charleston, WV Metro Area","126,770","111,213","15,557"
"Charleston-Mattoon, IL Micro Area","","",""
"    Charleston-Mattoon, IL Micro Area","27,467","24,137","3,330"
"Charleston-North Charleston, SC Metro Area","","",""
"    Charleston-North Charleston, SC Metro Area","360,115","319,353","40,762"
"Charlotte-Concord-Gastonia, NC-SC Metro Area","","",""
"    Charlotte-Concord-Gastonia, NC-SC Metro Area","1,108,163","1,034,018","74,145"
"Charlottesville, VA Metro Area","","",""
"    Charlottesville, VA Metro Area","98,166","87,743","10,423"
"Chattanooga, TN-GA Metro Area","","",""
"    Chattanooga, TN-GA Metro Area","247,266","225,594","21,672"
"Cheyenne, WY Metro Area","","",""
"    Cheyenne, WY Metro Area","44,181","41,433","2,748"
"Chicago-Naperville-Elgin, IL-IN-WI Metro Area","","",""
"    Chicago-Naperville-Elgin, IL-IN-WI Metro Area","3,943,945","3,672,824","271,121"
"Chico, CA Metro Area","","",""
"    Chico, CA Metro Area","90,133","83,268","6,865"
"Chillicothe, OH Micro Area","","",""
"    Chillicothe, OH Micro Area","32,066","29,386","2,680"
"Cincinnati, OH-KY-IN Metro Area","","",""
"    Cincinnati, OH-KY-IN Metro Area","957,458","890,439","67,019"
"Clarksburg, WV Micro Area","","",""
"    Clarksburg, WV Micro Area","41,162","36,794","4,368"
"Clarksdale, MS Micro Area","","",""
"    Clarksdale, MS Micro Area","10,162","8,452","1,710"
"Clarksville, TN-KY Metro Area","","",""
"    Clarksville, TN-KY Metro Area","129,115","117,514","11,601"
"Clearlake, CA Micro Area","","",""
"    Clearlake, CA Micro Area","34,220","27,622","6,598"
"Cleveland, MS Micro Area","","",""
"    Cleveland, MS Micro Area","13,628","11,994","1,634"
"Cleveland, TN Metro Area","","",""
"    Cleveland, TN Metro Area","53,342","49,007","4,335"
"Cleveland-Elyria, OH Metro Area","","",""
"    Cleveland-Elyria, OH Metro Area","968,069","887,924","80,145"
"Clewiston, FL Micro Area","","",""
"    Clewiston, FL Micro Area","14,971","12,644","2,327"
"Clinton, IA Micro Area","","",""
"    Clinton, IA Micro Area","21,517","19,483","2,034"
"Clovis, NM Micro Area","","",""
"    Clovis, NM Micro Area","21,102","18,563","2,539"
"Coamo, PR Micro Area","","",""
"    Coamo, PR Micro Area","16,420","14,060","2,360"
"Coco, PR Micro Area","","",""
"    Coco, PR Micro Area","13,496","10,757","2,739"
"Coeur d'Alene, ID Metro Area","","",""
"    Coeur d'Alene, ID Metro Area","74,736","67,278","7,458"
"Coffeyville, KS Micro Area","","",""
"    Coffeyville, KS Micro Area","15,569","12,968","2,601"
"Coldwater, MI Micro Area","","",""
"    Coldwater, MI Micro Area","20,749","16,780","3,969"
"College Station-Bryan, TX Metro Area","","",""
"    College Station-Bryan, TX Metro Area","114,483","99,027","15,456"
"Colorado Springs, CO Metro Area","","",""
"    Colorado Springs, CO Metro Area","300,775","283,304","17,471"
"Columbia, MO Metro Area","","",""
"    Columbia, MO Metro Area","91,485","83,927","7,558"
"Columbia, SC Metro Area","","",""
"    Columbia, SC Metro Area","366,298","331,048","35,250"
"Columbus, GA-AL Metro Area","","",""
"    Columbus, GA-AL Metro Area","143,697","128,919","14,778"
"Columbus, IN Metro Area","","",""
"    Columbus, IN Metro Area","35,317","32,607","2,710"
"Columbus, MS Micro Area","","",""
"    Columbus, MS Micro Area","26,882","23,680","3,202"
"Columbus, NE Micro Area","","",""
"    Columbus, NE Micro Area","14,094","13,313","781"
"Columbus, OH Metro Area","","",""
"    Columbus, OH Metro Area","902,082","841,636","60,446"
"Concord, NH Micro Area","","",""
"    Concord, NH Micro Area","65,565","60,420","5,145"
"Connersville, IN Micro Area","","",""
"    Connersville, IN Micro Area","10,886","9,720","1,166"
"Cookeville, TN Micro Area","","",""
"    Cookeville, TN Micro Area","51,443","46,179","5,264"
"Coos Bay, OR Micro Area","","",""
"    Coos Bay, OR Micro Area","31,378","27,662","3,716"
"Cordele, GA Micro Area","","",""
"    Cordele, GA Micro Area","9,854","8,346","1,508"
"Corinth, MS Micro Area","","",""
"    Corinth, MS Micro Area","16,159","14,395","1,764"
"Cornelia, GA Micro Area","","",""
"    Cornelia, GA Micro Area","18,340","16,408","1,932"
"Corning, NY Micro Area","","",""
"    Corning, NY Micro Area","47,327","39,737","7,590"
"Corpus Christi, TX Metro Area","","",""
"    Corpus Christi, TX Metro Area","180,679","155,483","25,196"
"Corsicana, TX Micro Area","","",""
"    Corsicana, TX Micro Area","21,385","18,660","2,725"
"Cortland, NY Micro Area","","",""
"    Cortland, NY Micro Area","20,814","18,378","2,436"
"Corvallis, OR Metro Area","","",""
"    Corvallis, OR Metro Area","40,150","37,447","2,703"
"Coshocton, OH Micro Area","","",""
"    Coshocton, OH Micro Area","16,324","14,621","1,703"
"Craig, CO Micro Area","","",""
"    Craig, CO Micro Area","6,091","5,352","739"
"Crawfordsville, IN Micro Area","","",""
"    Crawfordsville, IN Micro Area","16,464","15,210","1,254"
"Crescent City, CA Micro Area","","",""
"    Crescent City, CA Micro Area","11,090","9,807","1,283"
"Crestview-Fort Walton Beach-Destin, FL Metro Area","","",""
"    Crestview-Fort Walton Beach-Destin, FL Metro Area","157,394","113,938","43,456"
"Crossville, TN Micro Area","","",""
"    Crossville, TN Micro Area","30,479","26,933","3,546"
"Cullman, AL Micro Area","","",""
"    Cullman, AL Micro Area","39,145","34,723","4,422"
"Cullowhee, NC Micro Area","","",""
"    Cullowhee, NC Micro Area","34,990","22,610","12,380"
"Cumberland, MD-WV Metro Area","","",""
"    Cumberland, MD-WV Metro Area","45,364","38,710","6,654"
"Dallas-Fort Worth-Arlington, TX Metro Area","","",""
"    Dallas-Fort Worth-Arlington, TX Metro Area","2,947,189","2,760,991","186,198"
"Dalton, GA Metro Area","","",""
"    Dalton, GA Metro Area","54,914","50,852","4,062"
"Danville, IL Metro Area","","",""
"    Danville, IL Metro Area","34,407","30,568","3,839"
"Danville, KY Micro Area","","",""
"    Danville, KY Micro Area","23,706","21,457","2,249"
"Danville, VA Micro Area","","",""
"    Danville, VA Micro Area","51,628","44,330","7,298"
"Daphne-Fairhope-Foley, AL Metro Area","","",""
"    Daphne-Fairhope-Foley, AL Metro Area","124,148","93,116","31,032"
"Davenport-Moline-Rock Island, IA-IL Metro Area","","",""
"    Davenport-Moline-Rock Island, IA-IL Metro Area","174,002","159,261","14,741"
"Dayton, TN Micro Area","","",""
"    Dayton, TN Micro Area","15,163","13,082","2,081"
"Dayton-Kettering, OH Metro Area","","",""
"    Dayton-Kettering, OH Metro Area","369,625","339,453","30,172"
"Decatur, AL Metro Area","","",""
"    Decatur, AL Metro Area","68,490","62,758","5,732"
"Decatur, IL Metro Area","","",""
"    Decatur, IL Metro Area","49,727","44,549","5,178"
"Decatur, IN Micro Area","","",""
"    Decatur, IN Micro Area","13,172","12,386","786"
"Defiance, OH Micro Area","","",""
"    Defiance, OH Micro Area","16,539","15,482","1,057"
"Del Rio, TX Micro Area","","",""
"    Del Rio, TX Micro Area","18,455","15,796","2,659"
"Deltona-Daytona Beach-Ormond Beach, FL Metro Area","","",""
"    Deltona-Daytona Beach-Ormond Beach, FL Metro Area","327,890","280,751","47,139"
"Deming, NM Micro Area","","",""
"    Deming, NM Micro Area","11,508","9,822","1,686"
"Denver-Aurora-Lakewood, CO Metro Area","","",""
"    Denver-Aurora-Lakewood, CO Metro Area","1,242,492","1,167,462","75,030"
"DeRidder, LA Micro Area","","",""
"    DeRidder, LA Micro Area","15,771","13,797","1,974"
"Des Moines-West Des Moines, IA Metro Area","","",""
"    Des Moines-West Des Moines, IA Metro Area","300,984","280,757","20,227"
"Detroit-Warren-Dearborn, MI Metro Area","","",""
"    Detroit-Warren-Dearborn, MI Metro Area","1,901,256","1,760,892","140,364"
"Dickinson, ND Micro Area","","",""
"    Dickinson, ND Micro Area","15,948","13,967","1,981"
"Dixon, IL Micro Area","","",""
"    Dixon, IL Micro Area","14,985","13,589","1,396"
"Dodge City, KS Micro Area","","",""
"    Dodge City, KS Micro Area","12,550","11,376","1,174"
"Dothan, AL Metro Area","","",""
"    Dothan, AL Metro Area","70,792","62,411","8,381"
"Douglas, GA Micro Area","","",""
"    Douglas, GA Micro Area","20,801","18,341","2,460"
"Dover, DE Metro Area","","",""
"    Dover, DE Metro Area","72,708","68,290","4,418"
"Dublin, GA Micro Area","","",""
"    Dublin, GA Micro Area","28,334","25,050","3,284"
"DuBois, PA Micro Area","","",""
"    DuBois, PA Micro Area","38,078","32,435","5,643"
"Dubuque, IA Metro Area","","",""
"    Dubuque, IA Metro Area","42,630","39,891","2,739"
"Duluth, MN-WI Metro Area","","",""
"    Duluth, MN-WI Metro Area","149,586","124,417","25,169"
"Dumas, TX Micro Area","","",""
"    Dumas, TX Micro Area","8,188","7,258","930"
"Duncan, OK Micro Area","","",""
"    Duncan, OK Micro Area","20,322","17,268","3,054"
"Durango, CO Micro Area","","",""
"    Durango, CO Micro Area","28,198","23,487","4,711"
"Durant, OK Micro Area","","",""
"    Durant, OK Micro Area","20,366","17,954","2,412"
"Durham-Chapel Hill, NC Metro Area","","",""
"    Durham-Chapel Hill, NC Metro Area","282,215","261,637","20,578"
"Dyersburg, TN Micro Area","","",""
"    Dyersburg, TN Micro Area","16,218","14,787","1,431"
"Eagle Pass, TX Micro Area","","",""
"    Eagle Pass, TX Micro Area","20,072","18,034","2,038"
"Easton, MD Micro Area","","",""
"    Easton, MD Micro Area","19,538","16,296","3,242"
"East Stroudsburg, PA Metro Area","","",""
"    East Stroudsburg, PA Metro Area","79,114","62,284","16,830"
"Eau Claire, WI Metro Area","","",""
"    Eau Claire, WI Metro Area","73,654","69,167","4,487"
"Edwards, CO Micro Area","","",""
"    Edwards, CO Micro Area","32,967","20,760","12,207"
"Effingham, IL Micro Area","","",""
"    Effingham, IL Micro Area","15,314","14,117","1,197"
"El Campo, TX Micro Area","","",""
"    El Campo, TX Micro Area","17,296","15,446","1,850"
"El Centro, CA Metro Area","","",""
"    El Centro, CA Metro Area","56,625","52,050","4,575"
"El Dorado, AR Micro Area","","",""
"    El Dorado, AR Micro Area","18,599","16,182","2,417"
"Elizabeth City, NC Micro Area","","",""
"    Elizabeth City, NC Micro Area","24,276","21,182","3,094"
"Elizabethtown-Fort Knox, KY Metro Area","","",""
"    Elizabethtown-Fort Knox, KY Metro Area","65,086","59,857","5,229"
"Elk City, OK Micro Area","","",""
"    Elk City, OK Micro Area","10,123","8,034","2,089"
"Elkhart-Goshen, IN Metro Area","","",""
"    Elkhart-Goshen, IN Metro Area","79,594","74,631","4,963"
"Elkins, WV Micro Area","","",""
"    Elkins, WV Micro Area","13,035","10,980","2,055"
"Elko, NV Micro Area","","",""
"    Elko, NV Micro Area","22,732","20,433","2,299"
"Ellensburg, WA Micro Area","","",""
"    Ellensburg, WA Micro Area","23,743","18,650","5,093"
"Elmira, NY Metro Area","","",""
"    Elmira, NY Metro Area","38,985","35,242","3,743"
"El Paso, TX Metro Area","","",""
"    El Paso, TX Metro Area","319,001","297,233","21,768"
"Emporia, KS Micro Area","","",""
"    Emporia, KS Micro Area","16,354","14,239","2,115"
"Enid, OK Metro Area","","",""
"    Enid, OK Metro Area","27,846","24,198","3,648"
"Enterprise, AL Micro Area","","",""
"    Enterprise, AL Micro Area","24,105","21,263","2,842"
"Erie, PA Metro Area","","",""
"    Erie, PA Metro Area","119,791","109,371","10,420"
"Escanaba, MI Micro Area","","",""
"    Escanaba, MI Micro Area","19,786","16,290","3,496"
"Española, NM Micro Area","","",""
"    Española, NM Micro Area","19,545","16,122","3,423"
"Eufaula, AL-GA Micro Area","","",""
"    Eufaula, AL-GA Micro Area","13,296","10,675","2,621"
"Eugene-Springfield, OR Metro Area","","",""
"    Eugene-Springfield, OR Metro Area","166,226","156,594","9,632"
"Eureka-Arcata, CA Micro Area","","",""
"    Eureka-Arcata, CA Micro Area","62,120","56,422","5,698"
"Evanston, WY Micro Area","","",""
"    Evanston, WY Micro Area","8,798","7,733","1,065"
"Evansville, IN-KY Metro Area","","",""
"    Evansville, IN-KY Metro Area","141,244","129,180","12,064"
"Fairbanks, AK Metro Area","","",""
"    Fairbanks, AK Metro Area","42,659","36,521","6,138"
"Fairfield, IA Micro Area","","",""
"    Fairfield, IA Micro Area","7,689","6,902","787"
"Fairmont, MN Micro Area","","",""
"    Fairmont, MN Micro Area","9,748","8,748","1,000"
"Fairmont, WV Micro Area","","",""
"    Fairmont, WV Micro Area","26,280","23,223","3,057"
"Fallon, NV Micro Area","","",""
"    Fallon, NV Micro Area","10,772","10,017","755"
"Fargo, ND-MN Metro Area","","",""
"    Fargo, ND-MN Metro Area","112,241","103,603","8,638"
"Faribault-Northfield, MN Micro Area","","",""
"    Faribault-Northfield, MN Micro Area","25,018","23,416","1,602"
"Farmington, MO Micro Area","","",""
"    Farmington, MO Micro Area","28,636","24,792","3,844"
"Farmington, NM Metro Area","","",""
"    Farmington, NM Metro Area","47,744","42,536","5,208"
"Fayetteville, NC Metro Area","","",""
"    Fayetteville, NC Metro Area","215,134","195,651","19,483"
"Fayetteville-Springdale-Rogers, AR Metro Area","","",""
"    Fayetteville-Springdale-Rogers, AR Metro Area","221,207","203,096","18,111"
"Fergus Falls, MN Micro Area","","",""
"    Fergus Falls, MN Micro Area","36,506","25,123","11,383"
"Fernley, NV Micro Area","","",""
"    Fernley, NV Micro Area","24,401","22,704","1,697"
"Findlay, OH Micro Area","","",""
"    Findlay, OH Micro Area","33,655","31,107","2,548"
"Fitzgerald, GA Micro Area","","",""
"    Fitzgerald, GA Micro Area","8,124","7,074","1,050"
"Flagstaff, AZ Metro Area","","",""
"    Flagstaff, AZ Metro Area","69,108","51,320","17,788"
"Flint, MI Metro Area","","",""
"    Flint, MI Metro Area","183,087","167,118","15,969"
"Florence, SC Metro Area","","",""
"    Florence, SC Metro Area","89,973","80,276","9,697"
"Florence-Muscle Shoals, AL Metro Area","","",""
"    Florence-Muscle Shoals, AL Metro Area","72,251","63,969","8,282"
"Fond du Lac, WI Metro Area","","",""
"    Fond du Lac, WI Metro Area","45,740","42,824","2,916"
"Forest City, NC Micro Area","","",""
"    Forest City, NC Micro Area","32,444","26,652","5,792"
"Forrest City, AR Micro Area","","",""
"    Forrest City, AR Micro Area","9,565","8,470","1,095"
"Fort Collins, CO Metro Area","","",""
"    Fort Collins, CO Metro Area","158,769","144,360","14,409"
"Fort Dodge, IA Micro Area","","",""
"    Fort Dodge, IA Micro Area","16,937","15,046","1,891"
"Fort Leonard Wood, MO Micro Area","","",""
"    Fort Leonard Wood, MO Micro Area","19,315","16,902","2,413"
"Fort Madison-Keokuk, IA-IL-MO Micro Area","","",""
"    Fort Madison-Keokuk, IA-IL-MO Micro Area","28,026","24,344","3,682"
"Fort Morgan, CO Micro Area","","",""
"    Fort Morgan, CO Micro Area","11,493","10,519","974"
"Fort Payne, AL Micro Area","","",""
"    Fort Payne, AL Micro Area","30,584","27,145","3,439"
"Fort Polk South, LA Micro Area","","",""
"    Fort Polk South, LA Micro Area","21,953","18,761","3,192"
"Fort Smith, AR-OK Metro Area","","",""
"    Fort Smith, AR-OK Metro Area","107,795","96,313","11,482"
"Fort Wayne, IN Metro Area","","",""
"    Fort Wayne, IN Metro Area","177,268","165,547","11,721"
"Frankfort, IN Micro Area","","",""
"    Frankfort, IN Micro Area","13,450","12,421","1,029"
"Frankfort, KY Micro Area","","",""
"    Frankfort, KY Micro Area","34,044","31,207","2,837"
"Fredericksburg, TX Micro Area","","",""
"    Fredericksburg, TX Micro Area","14,128","11,486","2,642"
"Freeport, IL Micro Area","","",""
"    Freeport, IL Micro Area","21,369","19,184","2,185"
"Fremont, NE Micro Area","","",""
"    Fremont, NE Micro Area","16,191","14,813","1,378"
"Fremont, OH Micro Area","","",""
"    Fremont, OH Micro Area","26,479","24,444","2,035"
"Fresno, CA Metro Area","","",""
"    Fresno, CA Metro Area","338,441","319,296","19,145"
"Gadsden, AL Metro Area","","",""
"    Gadsden, AL Metro Area","47,306","41,974","5,332"
"Gaffney, SC Micro Area","","",""
"    Gaffney, SC Micro Area","24,713","22,349","2,364"
"Gainesville, FL Metro Area","","",""
"    Gainesville, FL Metro Area","151,720","137,030","14,690"
"Gainesville, GA Metro Area","","",""
"    Gainesville, GA Metro Area","76,865","71,022","5,843"
"Gainesville, TX Micro Area","","",""
"    Gainesville, TX Micro Area","17,716","15,738","1,978"
"Galesburg, IL Micro Area","","",""
"    Galesburg, IL Micro Area","23,817","20,851","2,966"
"Gallup, NM Micro Area","","",""
"    Gallup, NM Micro Area","25,057","22,659","2,398"
"Garden City, KS Micro Area","","",""
"    Garden City, KS Micro Area","15,766","14,491","1,275"
"Gardnerville Ranchos, NV Micro Area","","",""
"    Gardnerville Ranchos, NV Micro Area","24,309","21,400","2,909"
"Georgetown, SC Micro Area","","",""
"    Georgetown, SC Micro Area","35,916","27,231","8,685"
"Gettysburg, PA Metro Area","","",""
"    Gettysburg, PA Metro Area","43,007","40,270","2,737"
"Gillette, WY Micro Area","","",""
"    Gillette, WY Micro Area","26,894","23,561","3,333"
"Glasgow, KY Micro Area","","",""
"    Glasgow, KY Micro Area","24,485","21,866","2,619"
"Glens Falls, NY Metro Area","","",""
"    Glens Falls, NY Metro Area","68,926","53,574","15,352"
"Glenwood Springs, CO Micro Area","","",""
"    Glenwood Springs, CO Micro Area","37,336","30,391","6,945"
"Gloversville, NY Micro Area","","",""
"    Gloversville, NY Micro Area","28,087","22,390","5,697"
"Goldsboro, NC Metro Area","","",""
"    Goldsboro, NC Metro Area","52,551","45,997","6,554"
"Granbury, TX Micro Area","","",""
"    Granbury, TX Micro Area","28,321","24,811","3,510"
"Grand Forks, ND-MN Metro Area","","",""
"    Grand Forks, ND-MN Metro Area","48,051","43,192","4,859"
"Grand Island, NE Metro Area","","",""
"    Grand Island, NE Metro Area","31,572","29,493","2,079"
"Grand Junction, CO Metro Area","","",""
"    Grand Junction, CO Metro Area","67,407","63,133","4,274"
"Grand Rapids, MN Micro Area","","",""
"    Grand Rapids, MN Micro Area","25,375","18,968","6,407"
"Grand Rapids-Kentwood, MI Metro Area","","",""
"    Grand Rapids-Kentwood, MI Metro Area","431,852","406,158","25,694"
"Grants, NM Micro Area","","",""
"    Grants, NM Micro Area","11,099","9,080","2,019"
"Grants Pass, OR Metro Area","","",""
"    Grants Pass, OR Metro Area","38,748","36,024","2,724"
"Great Bend, KS Micro Area","","",""
"    Great Bend, KS Micro Area","12,370","10,640","1,730"
"Great Falls, MT Metro Area","","",""
"    Great Falls, MT Metro Area","38,937","35,011","3,926"
"Greeley, CO Metro Area","","",""
"    Greeley, CO Metro Area","119,962","113,995","5,967"
"Green Bay, WI Metro Area","","",""
"    Green Bay, WI Metro Area","145,929","133,007","12,922"
"Greeneville, TN Micro Area","","",""
"    Greeneville, TN Micro Area","32,154","28,738","3,416"
"Greensboro-High Point, NC Metro Area","","",""
"    Greensboro-High Point, NC Metro Area","337,732","312,232","25,500"
"Greensburg, IN Micro Area","","",""
"    Greensburg, IN Micro Area","11,512","10,472","1,040"
"Greenville, MS Micro Area","","",""
"    Greenville, MS Micro Area","20,879","17,954","2,925"
"Greenville, NC Metro Area","","",""
"    Greenville, NC Metro Area","80,515","70,016","10,499"
"Greenville, OH Micro Area","","",""
"    Greenville, OH Micro Area","22,599","20,925","1,674"
"Greenville-Anderson, SC Metro Area","","",""
"    Greenville-Anderson, SC Metro Area","402,999","366,509","36,490"
"Greenwood, MS Micro Area","","",""
"    Greenwood, MS Micro Area","17,546","15,098","2,448"
"Greenwood, SC Micro Area","","",""
"    Greenwood, SC Micro Area","31,323","28,123","3,200"
"Grenada, MS Micro Area","","",""
"    Grenada, MS Micro Area","10,405","9,030","1,375"
"Guayama, PR Metro Area","","",""
"    Guayama, PR Metro Area","35,158","28,396","6,762"
"Gulfport-Biloxi, MS Metro Area","","",""
"    Gulfport-Biloxi, MS Metro Area","183,583","162,916","20,667"
"Guymon, OK Micro Area","","",""
"    Guymon, OK Micro Area","8,443","7,376","1,067"
"Hagerstown-Martinsburg, MD-WV Metro Area","","",""
"    Hagerstown-Martinsburg, MD-WV Metro Area","123,729","112,998","10,731"
"Hailey, ID Micro Area","","",""
"    Hailey, ID Micro Area","16,127","10,711","5,416"
"Hammond, LA Metro Area","","",""
"    Hammond, LA Metro Area","56,685","50,961","5,724"
"Hanford-Corcoran, CA Metro Area","","",""
"    Hanford-Corcoran, CA Metro Area","46,287","44,100","2,187"
"Hannibal, MO Micro Area","","",""
"    Hannibal, MO Micro Area","17,875","15,616","2,259"
"Harrisburg-Carlisle, PA Metro Area","","",""
"    Harrisburg-Carlisle, PA Metro Area","255,481","238,249","17,232"
"Harrison, AR Micro Area","","",""
"    Harrison, AR Micro Area","21,454","18,624","2,830"
"Harrisonburg, VA Metro Area","","",""
"    Harrisonburg, VA Metro Area","54,062","49,426","4,636"
"Hartford-East Hartford-Middletown, CT Metro Area","","",""
"    Hartford-East Hartford-Middletown, CT Metro Area","522,472","487,600","34,872"
"Hastings, NE Micro Area","","",""
"    Hastings, NE Micro Area","13,806","12,690","1,116"
"Hattiesburg, MS Metro Area","","",""
"    Hattiesburg, MS Metro Area","74,640","66,945","7,695"
"Hays, KS Micro Area","","",""
"    Hays, KS Micro Area","13,166","11,853","1,313"
"Heber, UT Micro Area","","",""
"    Heber, UT Micro Area","40,136","26,728","13,408"
"Helena, MT Micro Area","","",""
"    Helena, MT Micro Area","38,974","35,098","3,876"
"Helena-West Helena, AR Micro Area","","",""
"    Helena-West Helena, AR Micro Area","8,315","6,890","1,425"
"Henderson, NC Micro Area","","",""
"    Henderson, NC Micro Area","19,276","17,038","2,238"
"Hereford, TX Micro Area","","",""
"    Hereford, TX Micro Area","6,974","6,263","711"
"Hermiston-Pendleton, OR Micro Area","","",""
"    Hermiston-Pendleton, OR Micro Area","35,815","32,586","3,229"
"Hickory-Lenoir-Morganton, NC Metro Area","","",""
"    Hickory-Lenoir-Morganton, NC Metro Area","163,160","147,185","15,975"
"Hillsdale, MI Micro Area","","",""
"    Hillsdale, MI Micro Area","21,396","18,062","3,334"
"Hilo, HI Micro Area","","",""
"    Hilo, HI Micro Area","88,691","73,021","15,670"
"Hilton Head Island-Bluffton, SC Metro Area","","",""
"    Hilton Head Island-Bluffton, SC Metro Area","110,930","87,645","23,285"
"Hinesville, GA Metro Area","","",""
"    Hinesville, GA Metro Area","32,744","28,905","3,839"
"Hobbs, NM Micro Area","","",""
"    Hobbs, NM Micro Area","27,950","25,049","2,901"
"Holland, MI Micro Area","","",""
"    Holland, MI Micro Area","51,789","45,545","6,244"
"Homosassa Springs, FL Metro Area","","",""
"    Homosassa Springs, FL Metro Area","81,687","69,438","12,249"
"Hood River, OR Micro Area","","",""
"    Hood River, OR Micro Area","10,126","8,965","1,161"
"Hope, AR Micro Area","","",""
"    Hope, AR Micro Area","13,899","11,419","2,480"
"Hot Springs, AR Metro Area","","",""
"    Hot Springs, AR Metro Area","52,326","42,997","9,329"
"Houghton, MI Micro Area","","",""
"    Houghton, MI Micro Area","20,902","15,299","5,603"
"Houma-Thibodaux, LA Metro Area","","",""
"    Houma-Thibodaux, LA Metro Area","88,254","78,523","9,731"
"Houston-The Woodlands-Sugar Land, TX Metro Area","","",""
"    Houston-The Woodlands-Sugar Land, TX Metro Area","2,740,182","2,509,945","230,237"
"Hudson, NY Micro Area","","",""
"    Hudson, NY Micro Area","33,226","26,590","6,636"
"Huntingdon, PA Micro Area","","",""
"    Huntingdon, PA Micro Area","20,807","16,804","4,003"
"Huntington, IN Micro Area","","",""
"    Huntington, IN Micro Area","16,217","14,765","1,452"
"Huntington-Ashland, WV-KY-OH Metro Area","","",""
"    Huntington-Ashland, WV-KY-OH Metro Area","165,754","147,207","18,547"
"Huntsville, AL Metro Area","","",""
"    Huntsville, AL Metro Area","212,512","197,135","15,377"
"Huntsville, TX Micro Area","","",""
"    Huntsville, TX Micro Area","28,632","24,568","4,064"
"Huron, SD Micro Area","","",""
"    Huron, SD Micro Area","9,348","8,116","1,232"
"Hutchinson, KS Micro Area","","",""
"    Hutchinson, KS Micro Area","28,289","25,189","3,100"
"Hutchinson, MN Micro Area","","",""
"    Hutchinson, MN Micro Area","15,820","15,004","816"
"Idaho Falls, ID Metro Area","","",""
"    Idaho Falls, ID Metro Area","56,637","53,326","3,311"
"Indiana, PA Micro Area","","",""
"    Indiana, PA Micro Area","37,626","33,286","4,340"
"Indianapolis-Carmel-Anderson, IN Metro Area","","",""
"    Indianapolis-Carmel-Anderson, IN Metro Area","893,492","826,470","67,022"
"Indianola, MS Micro Area","","",""
"    Indianola, MS Micro Area","9,412","8,474","938"
"Iowa City, IA Metro Area","","",""
"    Iowa City, IA Metro Area","75,489","70,251","5,238"
"Iron Mountain, MI-WI Micro Area","","",""
"    Iron Mountain, MI-WI Micro Area","18,518","13,721","4,797"
"Ithaca, NY Metro Area","","",""
"    Ithaca, NY Metro Area","46,884","42,273","4,611"
"Jackson, MI Metro Area","","",""
"    Jackson, MI Metro Area","69,025","62,567","6,458"
"Jackson, MS Metro Area","","",""
"    Jackson, MS Metro Area","257,634","230,831","26,803"
"Jackson, OH Micro Area","","",""
"    Jackson, OH Micro Area","14,399","12,936","1,463"
"Jackson, TN Metro Area","","",""
"    Jackson, TN Metro Area","79,252","71,713","7,539"
"Jackson, WY-ID Micro Area","","",""
"    Jackson, WY-ID Micro Area","19,048","13,969","5,079"
"Jacksonville, FL Metro Area","","",""
"    Jacksonville, FL Metro Area","690,609","628,344","62,265"
"Jacksonville, IL Micro Area","","",""
"    Jacksonville, IL Micro Area","17,419","15,613","1,806"
"Jacksonville, NC Metro Area","","",""
"    Jacksonville, NC Metro Area","84,180","69,576","14,604"
"Jacksonville, TX Micro Area","","",""
"    Jacksonville, TX Micro Area","20,838","17,992","2,846"
"Jamestown, ND Micro Area","","",""
"    Jamestown, ND Micro Area","10,374","9,084","1,290"
"Jamestown-Dunkirk-Fredonia, NY Micro Area","","",""
"    Jamestown-Dunkirk-Fredonia, NY Micro Area","66,247","53,223","13,024"
"Janesville-Beloit, WI Metro Area","","",""
"    Janesville-Beloit, WI Metro Area","70,068","65,937","4,131"
"Jasper, AL Micro Area","","",""
"    Jasper, AL Micro Area","29,975","26,423","3,552"
"Jasper, IN Micro Area","","",""
"    Jasper, IN Micro Area","24,199","22,384","1,815"
"Jayuya, PR Micro Area","","",""
"    Jayuya, PR Micro Area","6,340","5,590","750"
"Jefferson, GA Micro Area","","",""
"    Jefferson, GA Micro Area","27,699","26,174","1,525"
"Jefferson City, MO Metro Area","","",""
"    Jefferson City, MO Metro Area","64,421","58,013","6,408"
"Jennings, LA Micro Area","","",""
"    Jennings, LA Micro Area","13,936","12,197","1,739"
"Jesup, GA Micro Area","","",""
"    Jesup, GA Micro Area","12,460","11,141","1,319"
"Johnson City, TN Metro Area","","",""
"    Johnson City, TN Metro Area","97,027","87,383","9,644"
"Johnstown, PA Metro Area","","",""
"    Johnstown, PA Metro Area","64,395","56,370","8,025"
"Jonesboro, AR Metro Area","","",""
"    Jonesboro, AR Metro Area","57,066","52,475","4,591"
"Joplin, MO Metro Area","","",""
"    Joplin, MO Metro Area","77,309","70,518","6,791"
"Juneau, AK Micro Area","","",""
"    Juneau, AK Micro Area","14,093","12,940","1,153"
"Kahului-Wailuku-Lahaina, HI Metro Area","","",""
"    Kahului-Wailuku-Lahaina, HI Metro Area","71,439","56,063","15,376"
"Kalamazoo-Portage, MI Metro Area","","",""
"    Kalamazoo-Portage, MI Metro Area","114,021","106,906","7,115"
"Kalispell, MT Micro Area","","",""
"    Kalispell, MT Micro Area","49,875","42,481","7,394"
"Kankakee, IL Metro Area","","",""
"    Kankakee, IL Metro Area","45,270","41,528","3,742"
"Kansas City, MO-KS Metro Area","","",""
"    Kansas City, MO-KS Metro Area","938,503","868,375","70,128"
"Kapaa, HI Micro Area","","",""
"    Kapaa, HI Micro Area","30,157","24,712","5,445"
"Kearney, NE Micro Area","","",""
"    Kearney, NE Micro Area","23,913","22,317","1,596"
"Keene, NH Micro Area","","",""
"    Keene, NH Micro Area","35,612","31,372","4,240"
"Kendallville, IN Micro Area","","",""
"    Kendallville, IN Micro Area","20,049","17,981","2,068"
"Kennett, MO Micro Area","","",""
"    Kennett, MO Micro Area","13,409","11,573","1,836"
"Kennewick-Richland, WA Metro Area","","",""
"    Kennewick-Richland, WA Metro Area","109,816","105,117","4,699"
"Kerrville, TX Micro Area","","",""
"    Kerrville, TX Micro Area","25,200","22,060","3,140"
"Ketchikan, AK Micro Area","","",""
"    Ketchikan, AK Micro Area","6,614","5,479","1,135"
"Key West, FL Micro Area","","",""
"    Key West, FL Micro Area","53,961","36,436","17,525"
"Kill Devil Hills, NC Micro Area","","",""
"    Kill Devil Hills, NC Micro Area","34,237","15,966","18,271"
"Killeen-Temple, TX Metro Area","","",""
"    Killeen-Temple, TX Metro Area","186,020","169,916","16,104"
"Kingsport-Bristol, TN-VA Metro Area","","",""
"    Kingsport-Bristol, TN-VA Metro Area","148,388","131,113","17,275"
"Kingston, NY Metro Area","","",""
"    Kingston, NY Metro Area","85,853","73,321","12,532"
"Kingsville, TX Micro Area","","",""
"    Kingsville, TX Micro Area","14,144","11,661","2,483"
"Kinston, NC Micro Area","","",""
"    Kinston, NC Micro Area","26,577","22,930","3,647"
"Kirksville, MO Micro Area","","",""
"    Kirksville, MO Micro Area","13,225","11,489","1,736"
"Klamath Falls, OR Micro Area","","",""
"    Klamath Falls, OR Micro Area","32,730","28,634","4,096"
"Knoxville, TN Metro Area","","",""
"    Knoxville, TN Metro Area","393,836","358,473","35,363"
"Kokomo, IN Metro Area","","",""
"    Kokomo, IN Metro Area","39,605","35,711","3,894"
"Laconia, NH Micro Area","","",""
"    Laconia, NH Micro Area","38,252","27,027","11,225"
"La Crosse-Onalaska, WI-MN Metro Area","","",""
"    La Crosse-Onalaska, WI-MN Metro Area","61,505","58,101","3,404"
"Lafayette, LA Metro Area","","",""
"    Lafayette, LA Metro Area","212,942","188,906","24,036"
"Lafayette-West Lafayette, IN Metro Area","","",""
"    Lafayette-West Lafayette, IN Metro Area","94,722","86,517","8,205"
"La Grande, OR Micro Area","","",""
"    La Grande, OR Micro Area","11,649","10,779","870"
"LaGrange, GA-AL Micro Area","","",""
"    LaGrange, GA-AL Micro Area","45,094","40,555","4,539"
"Lake Charles, LA Metro Area","","",""
"    Lake Charles, LA Metro Area","97,407","85,986","11,421"
"Lake City, FL Micro Area","","",""
"    Lake City, FL Micro Area","29,775","26,424","3,351"
"Lake Havasu City-Kingman, AZ Metro Area","","",""
"    Lake Havasu City-Kingman, AZ Metro Area","117,650","91,270","26,380"
"Lakeland-Winter Haven, FL Metro Area","","",""
"    Lakeland-Winter Haven, FL Metro Area","316,381","272,418","43,963"
"Lamesa, TX Micro Area","","",""
"    Lamesa, TX Micro Area","4,859","4,079","780"
"Lancaster, PA Metro Area","","",""
"    Lancaster, PA Metro Area","216,502","206,467","10,035"
"Lansing-East Lansing, MI Metro Area","","",""
"    Lansing-East Lansing, MI Metro Area","235,800","219,517","16,283"
"Laramie, WY Micro Area","","",""
"    Laramie, WY Micro Area","18,494","15,993","2,501"
"Laredo, TX Metro Area","","",""
"    Laredo, TX Metro Area","84,763","78,282","6,481"
"Las Cruces, NM Metro Area","","",""
"    Las Cruces, NM Metro Area","89,804","82,366","7,438"
"Las Vegas, NM Micro Area","","",""
"    Las Vegas, NM Micro Area","17,634","13,246","4,388"
"Las Vegas-Henderson-Paradise, NV Metro Area","","",""
"    Las Vegas-Henderson-Paradise, NV Metro Area","917,656","845,888","71,768"
"Laurel, MS Micro Area","","",""
"    Laurel, MS Micro Area","36,517","32,100","4,417"
"Laurinburg, NC Micro Area","","",""
"    Laurinburg, NC Micro Area","14,348","12,870","1,478"
"Lawrence, KS Metro Area","","",""
"    Lawrence, KS Metro Area","52,846","48,553","4,293"
"Lawrenceburg, TN Micro Area","","",""
"    Lawrenceburg, TN Micro Area","18,658","17,075","1,583"
"Lawton, OK Metro Area","","",""
"    Lawton, OK Metro Area","55,292","46,927","8,365"
"Lebanon, MO Micro Area","","",""
"    Lebanon, MO Micro Area","15,908","14,325","1,583"
"Lebanon, NH-VT Micro Area","","",""
"    Lebanon, NH-VT Micro Area","122,215","94,070","28,145"
"Lebanon, PA Metro Area","","",""
"    Lebanon, PA Metro Area","59,084","55,808","3,276"
"Levelland, TX Micro Area","","",""
"    Levelland, TX Micro Area","9,173","7,954","1,219"
"Lewisburg, PA Micro Area","","",""
"    Lewisburg, PA Micro Area","16,082","14,523","1,559"
"Lewisburg, TN Micro Area","","",""
"    Lewisburg, TN Micro Area","14,302","13,279","1,023"
"Lewiston, ID-WA Metro Area","","",""
"    Lewiston, ID-WA Metro Area","28,398","26,580","1,818"
"Lewiston-Auburn, ME Metro Area","","",""
"    Lewiston-Auburn, ME Metro Area","49,837","45,393","4,444"
"Lewistown, PA Micro Area","","",""
"    Lewistown, PA Micro Area","21,313","18,823","2,490"
"Lexington, NE Micro Area","","",""
"    Lexington, NE Micro Area","10,940","9,657","1,283"
"Lexington-Fayette, KY Metro Area","","",""
"    Lexington-Fayette, KY Metro Area","226,278","209,217","17,061"
"Liberal, KS Micro Area","","",""
"    Liberal, KS Micro Area","8,268","7,359","909"
"Lima, OH Metro Area","","",""
"    Lima, OH Metro Area","44,563","40,935","3,628"
"Lincoln, IL Micro Area","","",""
"    Lincoln, IL Micro Area","11,984","10,749","1,235"
"Lincoln, NE Metro Area","","",""
"    Lincoln, NE Metro Area","142,545","134,442","8,103"
"Little Rock-North Little Rock-Conway, AR Metro Area","","",""
"    Little Rock-North Little Rock-Conway, AR Metro Area","336,959","305,493","31,466"
"Lock Haven, PA Micro Area","","",""
"    Lock Haven, PA Micro Area","18,603","15,199","3,404"
"Logan, UT-ID Metro Area","","",""
"    Logan, UT-ID Metro Area","48,759","46,259","2,500"
"Logansport, IN Micro Area","","",""
"    Logansport, IN Micro Area","16,379","14,900","1,479"
"London, KY Micro Area","","",""
"    London, KY Micro Area","64,306","57,696","6,610"
"Longview, TX Metro Area","","",""
"    Longview, TX Metro Area","120,889","107,325","13,564"
"Longview, WA Metro Area","","",""
"    Longview, WA Metro Area","45,424","42,787","2,637"
"Los Alamos, NM Micro Area","","",""
"    Los Alamos, NM Micro Area","8,634","8,147","487"
"Los Angeles-Long Beach-Anaheim, CA Metro Area","","",""
"    Los Angeles-Long Beach-Anaheim, CA Metro Area","4,721,766","4,494,733","227,033"
"Louisville/Jefferson County, KY-IN Metro Area","","",""
"    Louisville/Jefferson County, KY-IN Metro Area","560,778","520,270","40,508"
"Lubbock, TX Metro Area","","",""
"    Lubbock, TX Metro Area","137,388","123,566","13,822"
"Ludington, MI Micro Area","","",""
"    Ludington, MI Micro Area","17,392","12,319","5,073"
"Lufkin, TX Micro Area","","",""
"    Lufkin, TX Micro Area","36,480","32,134","4,346"
"Lumberton, NC Micro Area","","",""
"    Lumberton, NC Micro Area","48,426","43,402","5,024"
"Lynchburg, VA Metro Area","","",""
"    Lynchburg, VA Metro Area","117,674","104,926","12,748"
"Macomb, IL Micro Area","","",""
"    Macomb, IL Micro Area","13,609","11,479","2,130"
"Macon-Bibb County, GA Metro Area","","",""
"    Macon-Bibb County, GA Metro Area","103,752","91,708","12,044"
"Madera, CA Metro Area","","",""
"    Madera, CA Metro Area","49,572","45,607","3,965"
"Madison, IN Micro Area","","",""
"    Madison, IN Micro Area","14,386","12,992","1,394"
"Madison, WI Metro Area","","",""
"    Madison, WI Metro Area","302,538","287,601","14,937"
"Madisonville, KY Micro Area","","",""
"    Madisonville, KY Micro Area","20,888","18,595","2,293"
"Magnolia, AR Micro Area","","",""
"    Magnolia, AR Micro Area","10,999","9,082","1,917"
"Malone, NY Micro Area","","",""
"    Malone, NY Micro Area","25,318","18,974","6,344"
"Malvern, AR Micro Area","","",""
"    Malvern, AR Micro Area","14,179","12,473","1,706"
"Manchester-Nashua, NH Metro Area","","",""
"    Manchester-Nashua, NH Metro Area","175,571","167,875","7,696"
"Manhattan, KS Metro Area","","",""
"    Manhattan, KS Metro Area","56,271","49,249","7,022"
"Manitowoc, WI Micro Area","","",""
"    Manitowoc, WI Micro Area","37,818","34,995","2,823"
"Mankato, MN Metro Area","","",""
"    Mankato, MN Metro Area","42,540","39,921","2,619"
"Mansfield, OH Metro Area","","",""
"    Mansfield, OH Metro Area","54,522","50,303","4,219"
"Marietta, OH Micro Area","","",""
"    Marietta, OH Micro Area","27,987","25,254","2,733"
"Marinette, WI-MI Micro Area","","",""
"    Marinette, WI-MI Micro Area","42,401","29,460","12,941"
"Marion, IN Micro Area","","",""
"    Marion, IN Micro Area","29,810","26,487","3,323"
"Marion, NC Micro Area","","",""
"    Marion, NC Micro Area","21,242","18,058","3,184"
"Marion, OH Micro Area","","",""
"    Marion, OH Micro Area","27,348","24,932","2,416"
"Marquette, MI Micro Area","","",""
"    Marquette, MI Micro Area","33,454","27,681","5,773"
"Marshall, MN Micro Area","","",""
"    Marshall, MN Micro Area","11,180","10,137","1,043"
"Marshall, MO Micro Area","","",""
"    Marshall, MO Micro Area","9,836","8,469","1,367"
"Marshalltown, IA Micro Area","","",""
"    Marshalltown, IA Micro Area","16,745","15,358","1,387"
"Martin, TN Micro Area","","",""
"    Martin, TN Micro Area","14,945","13,373","1,572"
"Martinsville, VA Micro Area","","",""
"    Martinsville, VA Micro Area","32,475","28,108","4,367"
"Maryville, MO Micro Area","","",""
"    Maryville, MO Micro Area","9,449","8,376","1,073"
"Mason City, IA Micro Area","","",""
"    Mason City, IA Micro Area","26,083","22,351","3,732"
"Mayagüez, PR Metro Area","","",""
"    Mayagüez, PR Metro Area","52,750","41,964","10,786"
"Mayfield, KY Micro Area","","",""
"    Mayfield, KY Micro Area","16,472","14,742","1,730"
"Maysville, KY Micro Area","","",""
"    Maysville, KY Micro Area","8,160","7,136","1,024"
"McAlester, OK Micro Area","","",""
"    McAlester, OK Micro Area","22,046","17,339","4,707"
"McAllen-Edinburg-Mission, TX Metro Area","","",""
"    McAllen-Edinburg-Mission, TX Metro Area","294,902","258,542","36,360"
"McComb, MS Micro Area","","",""
"    McComb, MS Micro Area","19,017","16,232","2,785"
"McMinnville, TN Micro Area","","",""
"    McMinnville, TN Micro Area","18,088","16,336","1,752"
"McPherson, KS Micro Area","","",""
"    McPherson, KS Micro Area","13,019","11,897","1,122"
"Meadville, PA Micro Area","","",""
"    Meadville, PA Micro Area","42,063","33,930","8,133"
"Medford, OR Metro Area","","",""
"    Medford, OR Metro Area","96,239","90,467","5,772"
"Memphis, TN-MS-AR Metro Area","","",""
"    Memphis, TN-MS-AR Metro Area","565,930","516,751","49,179"
"Menomonie, WI Micro Area","","",""
"    Menomonie, WI Micro Area","18,693","17,414","1,279"
"Merced, CA Metro Area","","",""
"    Merced, CA Metro Area","87,783","83,464","4,319"
"Meridian, MS Micro Area","","",""
"    Meridian, MS Micro Area","44,946","39,222","5,724"
"Mexico, MO Micro Area","","",""
"    Mexico, MO Micro Area","10,542","9,414","1,128"
"Miami, OK Micro Area","","",""
"    Miami, OK Micro Area","13,714","11,859","1,855"
"Miami-Fort Lauderdale-Pompano Beach, FL Metro Area","","",""
"    Miami-Fort Lauderdale-Pompano Beach, FL Metro Area","2,641,002","2,331,951","309,051"
"Michigan City-La Porte, IN Metro Area","","",""
"    Michigan City-La Porte, IN Metro Area","49,780","43,799","5,981"
"Middlesborough, KY Micro Area","","",""
"    Middlesborough, KY Micro Area","11,517","9,928","1,589"
"Midland, MI Metro Area","","",""
"    Midland, MI Metro Area","36,867","34,288","2,579"
"Midland, TX Metro Area","","",""
"    Midland, TX Metro Area","72,423","62,728","9,695"
"Milledgeville, GA Micro Area","","",""
"    Milledgeville, GA Micro Area","24,884","19,809","5,075"
"Milwaukee-Waukesha, WI Metro Area","","",""
"    Milwaukee-Waukesha, WI Metro Area","693,765","651,032","42,733"
"Minden, LA Micro Area","","",""
"    Minden, LA Micro Area","18,236","15,684","2,552"
"Mineral Wells, TX Micro Area","","",""
"    Mineral Wells, TX Micro Area","15,079","11,250","3,829"
"Minneapolis-St. Paul-Bloomington, MN-WI Metro Area","","",""
"    Minneapolis-St. Paul-Bloomington, MN-WI Metro Area","1,503,829","1,434,315","69,514"
"Minot, ND Micro Area","","",""
"    Minot, ND Micro Area","36,276","32,121","4,155"
"Missoula, MT Metro Area","","",""
"    Missoula, MT Metro Area","54,542","50,645","3,897"
"Mitchell, SD Micro Area","","",""
"    Mitchell, SD Micro Area","10,763","9,727","1,036"
"Moberly, MO Micro Area","","",""
"    Moberly, MO Micro Area","10,773","9,424","1,349"
"Mobile, AL Metro Area","","",""
"    Mobile, AL Metro Area","192,153","170,071","22,082"
"Modesto, CA Metro Area","","",""
"    Modesto, CA Metro Area","183,140","176,738","6,402"
"Monroe, LA Metro Area","","",""
"    Monroe, LA Metro Area","92,225","81,715","10,510"
"Monroe, MI Metro Area","","",""
"    Monroe, MI Metro Area","65,845","62,152","3,693"
"Montgomery, AL Metro Area","","",""
"    Montgomery, AL Metro Area","171,240","152,474","18,766"
"Montrose, CO Micro Area","","",""
"    Montrose, CO Micro Area","22,266","19,779","2,487"
"Morehead City, NC Micro Area","","",""
"    Morehead City, NC Micro Area","50,846","30,112","20,734"
"Morgan City, LA Micro Area","","",""
"    Morgan City, LA Micro Area","22,407","19,321","3,086"
"Morgantown, WV Metro Area","","",""
"    Morgantown, WV Metro Area","65,055","57,330","7,725"
"Morristown, TN Metro Area","","",""
"    Morristown, TN Metro Area","63,848","56,389","7,459"
"Moscow, ID Micro Area","","",""
"    Moscow, ID Micro Area","17,259","16,063","1,196"
"Moses Lake, WA Micro Area","","",""
"    Moses Lake, WA Micro Area","38,635","34,078","4,557"
"Moultrie, GA Micro Area","","",""
"    Moultrie, GA Micro Area","19,105","17,172","1,933"
"Mountain Home, AR Micro Area","","",""
"    Mountain Home, AR Micro Area","22,699","18,936","3,763"
"Mountain Home, ID Micro Area","","",""
"    Mountain Home, ID Micro Area","12,049","10,663","1,386"
"Mount Airy, NC Micro Area","","",""
"    Mount Airy, NC Micro Area","33,436","29,659","3,777"
"Mount Gay-Shamrock, WV Micro Area","","",""
"    Mount Gay-Shamrock, WV Micro Area","14,738","13,033","1,705"
"Mount Pleasant, MI Micro Area","","",""
"    Mount Pleasant, MI Micro Area","28,489","25,191","3,298"
"Mount Pleasant, TX Micro Area","","",""
"    Mount Pleasant, TX Micro Area","17,787","15,620","2,167"
"Mount Sterling, KY Micro Area","","",""
"    Mount Sterling, KY Micro Area","20,847","18,475","2,372"
"Mount Vernon, IL Micro Area","","",""
"    Mount Vernon, IL Micro Area","16,632","14,945","1,687"
"Mount Vernon, OH Micro Area","","",""
"    Mount Vernon, OH Micro Area","25,797","23,429","2,368"
"Mount Vernon-Anacortes, WA Metro Area","","",""
"    Mount Vernon-Anacortes, WA Metro Area","55,744","50,371","5,373"
"Muncie, IN Metro Area","","",""
"    Muncie, IN Metro Area","51,464","45,453","6,011"
"Murray, KY Micro Area","","",""
"    Murray, KY Micro Area","17,874","15,108","2,766"
"Muscatine, IA Micro Area","","",""
"    Muscatine, IA Micro Area","18,366","16,908","1,458"
"Muskegon, MI Metro Area","","",""
"    Muskegon, MI Metro Area","74,591","68,610","5,981"
"Muskogee, OK Micro Area","","",""
"    Muskogee, OK Micro Area","29,278","25,525","3,753"
"Myrtle Beach-Conway-North Myrtle Beach, SC-NC Metro Area","","",""
"    Myrtle Beach-Conway-North Myrtle Beach, SC-NC Metro Area","292,032","211,717","80,315"
"Nacogdoches, TX Micro Area","","",""
"    Nacogdoches, TX Micro Area","28,877","24,713","4,164"
"Napa, CA Metro Area","","",""
"    Napa, CA Metro Area","55,448","49,738","5,710"
"Naples-Marco Island, FL Metro Area","","",""
"    Naples-Marco Island, FL Metro Area","228,390","157,921","70,469"
"Nashville-Davidson--Murfreesboro--Franklin, TN Metro Area","","",""
"    Nashville-Davidson--Murfreesboro--Franklin, TN Metro Area","828,009","772,530","55,479"
"Natchez, MS-LA Micro Area","","",""
"    Natchez, MS-LA Micro Area","23,849","19,911","3,938"
"Natchitoches, LA Micro Area","","",""
"    Natchitoches, LA Micro Area","18,513","15,213","3,300"
"New Bern, NC Metro Area","","",""
"    New Bern, NC Metro Area","58,553","49,998","8,555"
"Newberry, SC Micro Area","","",""
"    Newberry, SC Micro Area","18,213","15,039","3,174"
"New Castle, IN Micro Area","","",""
"    New Castle, IN Micro Area","20,952","18,954","1,998"
"New Castle, PA Micro Area","","",""
"    New Castle, PA Micro Area","39,492","35,939","3,553"
"New Haven-Milford, CT Metro Area","","",""
"    New Haven-Milford, CT Metro Area","369,178","343,437","25,741"
"New Orleans-Metairie, LA Metro Area","","",""
"    New Orleans-Metairie, LA Metro Area","571,914","512,253","59,661"
"New Philadelphia-Dover, OH Micro Area","","",""
"    New Philadelphia-Dover, OH Micro Area","40,817","37,711","3,106"
"Newport, OR Micro Area","","",""
"    Newport, OR Micro Area","32,066","22,707","9,359"
"Newport, TN Micro Area","","",""
"    Newport, TN Micro Area","17,808","15,246","2,562"
"New Ulm, MN Micro Area","","",""
"    New Ulm, MN Micro Area","11,780","10,970","810"
"New York-Newark-Jersey City, NY-NJ-PA Metro Area","","",""
"    New York-Newark-Jersey City, NY-NJ-PA Metro Area","7,982,384","7,405,418","576,966"
"Niles, MI Metro Area","","",""
"    Niles, MI Metro Area","76,821","63,955","12,866"
"Nogales, AZ Micro Area","","",""
"    Nogales, AZ Micro Area","18,729","16,670","2,059"
"Norfolk, NE Micro Area","","",""
"    Norfolk, NE Micro Area","20,672","19,150","1,522"
"North Platte, NE Micro Area","","",""
"    North Platte, NE Micro Area","17,125","15,137","1,988"
"North Port-Sarasota-Bradenton, FL Metro Area","","",""
"    North Port-Sarasota-Bradenton, FL Metro Area","459,864","368,648","91,216"
"North Vernon, IN Micro Area","","",""
"    North Vernon, IN Micro Area","11,574","10,582","992"
"North Wilkesboro, NC Micro Area","","",""
"    North Wilkesboro, NC Micro Area","31,545","27,612","3,933"
"Norwalk, OH Micro Area","","",""
"    Norwalk, OH Micro Area","25,499","23,406","2,093"
"Norwich-New London, CT Metro Area","","",""
"    Norwich-New London, CT Metro Area","122,863","109,572","13,291"
"Oak Harbor, WA Micro Area","","",""
"    Oak Harbor, WA Micro Area","41,922","35,917","6,005"
"Ocala, FL Metro Area","","",""
"    Ocala, FL Metro Area","177,380","156,906","20,474"
"Ocean City, NJ Metro Area","","",""
"    Ocean City, NJ Metro Area","99,606","41,012","58,594"
"Odessa, TX Metro Area","","",""
"    Odessa, TX Metro Area","66,086","57,336","8,750"
"Ogden-Clearfield, UT Metro Area","","",""
"    Ogden-Clearfield, UT Metro Area","234,051","223,399","10,652"
"Ogdensburg-Massena, NY Micro Area","","",""
"    Ogdensburg-Massena, NY Micro Area","51,612","41,235","10,377"
"Oil City, PA Micro Area","","",""
"    Oil City, PA Micro Area","26,156","21,506","4,650"
"Okeechobee, FL Micro Area","","",""
"    Okeechobee, FL Micro Area","18,484","14,433","4,051"
"Oklahoma City, OK Metro Area","","",""
"    Oklahoma City, OK Metro Area","607,725","552,514","55,211"
"Olean, NY Micro Area","","",""
"    Olean, NY Micro Area","40,152","31,863","8,289"
"Olympia-Lacey-Tumwater, WA Metro Area","","",""
"    Olympia-Lacey-Tumwater, WA Metro Area","121,438","115,397","6,041"
"Omaha-Council Bluffs, NE-IA Metro Area","","",""
"    Omaha-Council Bluffs, NE-IA Metro Area","400,945","375,433","25,512"
"Oneonta, NY Micro Area","","",""
"    Oneonta, NY Micro Area","29,838","23,414","6,424"
"Ontario, OR-ID Micro Area","","",""
"    Ontario, OR-ID Micro Area","21,299","19,728","1,571"
"Opelousas, LA Micro Area","","",""
"    Opelousas, LA Micro Area","36,723","32,499","4,224"
"Orangeburg, SC Micro Area","","",""
"    Orangeburg, SC Micro Area","41,197","33,825","7,372"
"Orlando-Kissimmee-Sanford, FL Metro Area","","",""
"    Orlando-Kissimmee-Sanford, FL Metro Area","1,087,949","989,354","98,595"
"Oshkosh-Neenah, WI Metro Area","","",""
"    Oshkosh-Neenah, WI Metro Area","76,046","71,473","4,573"
"Oskaloosa, IA Micro Area","","",""
"    Oskaloosa, IA Micro Area","9,680","8,799","881"
"Othello, WA Micro Area","","",""
"    Othello, WA Micro Area","6,735","6,228","507"
"Ottawa, IL Micro Area","","",""
"    Ottawa, IL Micro Area","68,485","61,808","6,677"
"Ottawa, KS Micro Area","","",""
"    Ottawa, KS Micro Area","11,149","10,233","916"
"Ottumwa, IA Micro Area","","",""
"    Ottumwa, IA Micro Area","15,734","14,167","1,567"
"Owatonna, MN Micro Area","","",""
"    Owatonna, MN Micro Area","15,691","14,823","868"
"Owensboro, KY Metro Area","","",""
"    Owensboro, KY Metro Area","51,918","48,373","3,545"
"Oxford, MS Micro Area","","",""
"    Oxford, MS Micro Area","28,208","22,362","5,846"
"Oxnard-Thousand Oaks-Ventura, CA Metro Area","","",""
"    Oxnard-Thousand Oaks-Ventura, CA Metro Area","293,080","279,715","13,365"
"Ozark, AL Micro Area","","",""
"    Ozark, AL Micro Area","22,761","20,159","2,602"
"Paducah, KY-IL Micro Area","","",""
"    Paducah, KY-IL Micro Area","47,110","41,820","5,290"
"Pahrump, NV Micro Area","","",""
"    Pahrump, NV Micro Area","25,191","21,763","3,428"
"Palatka, FL Micro Area","","",""
"    Palatka, FL Micro Area","36,014","29,569","6,445"
"Palestine, TX Micro Area","","",""
"    Palestine, TX Micro Area","20,131","17,371","2,760"
"Palm Bay-Melbourne-Titusville, FL Metro Area","","",""
"    Palm Bay-Melbourne-Titusville, FL Metro Area","288,794","257,026","31,768"
"Pampa, TX Micro Area","","",""
"    Pampa, TX Micro Area","10,426","8,278","2,148"
"Panama City, FL Metro Area","","",""
"    Panama City, FL Metro Area","102,971","70,134","32,837"
"Paragould, AR Micro Area","","",""
"    Paragould, AR Micro Area","19,159","17,673","1,486"
"Paris, TN Micro Area","","",""
"    Paris, TN Micro Area","16,937","13,742","3,195"
"Paris, TX Micro Area","","",""
"    Paris, TX Micro Area","22,644","20,186","2,458"
"Parkersburg-Vienna, WV Metro Area","","",""
"    Parkersburg-Vienna, WV Metro Area","43,006","38,403","4,603"
"Parsons, KS Micro Area","","",""
"    Parsons, KS Micro Area","9,524","8,222","1,302"
"Payson, AZ Micro Area","","",""
"    Payson, AZ Micro Area","32,373","22,312","10,061"
"Pearsall, TX Micro Area","","",""
"    Pearsall, TX Micro Area","6,340","5,190","1,150"
"Pecos, TX Micro Area","","",""
"    Pecos, TX Micro Area","5,102","4,203","899"
"Pella, IA Micro Area","","",""
"    Pella, IA Micro Area","14,073","13,145","928"
"Pensacola-Ferry Pass-Brent, FL Metro Area","","",""
"    Pensacola-Ferry Pass-Brent, FL Metro Area","221,244","197,614","23,630"
"Peoria, IL Metro Area","","",""
"    Peoria, IL Metro Area","183,579","165,642","17,937"
"Peru, IN Micro Area","","",""
"    Peru, IN Micro Area","14,852","13,348","1,504"
"Philadelphia-Camden-Wilmington, PA-NJ-DE-MD Metro Area","","",""
"    Philadelphia-Camden-Wilmington, PA-NJ-DE-MD Metro Area","2,586,947","2,413,835","173,112"
"Phoenix-Mesa-Chandler, AZ Metro Area","","",""
"    Phoenix-Mesa-Chandler, AZ Metro Area","1,985,705","1,790,242","195,463"
"Picayune, MS Micro Area","","",""
"    Picayune, MS Micro Area","24,641","21,703","2,938"
"Pierre, SD Micro Area","","",""
"    Pierre, SD Micro Area","9,349","8,484","865"
"Pine Bluff, AR Metro Area","","",""
"    Pine Bluff, AR Metro Area","38,509","33,172","5,337"
"Pinehurst-Southern Pines, NC Micro Area","","",""
"    Pinehurst-Southern Pines, NC Micro Area","48,237","41,881","6,356"
"Pittsburg, KS Micro Area","","",""
"    Pittsburg, KS Micro Area","17,997","15,668","2,329"
"Pittsburgh, PA Metro Area","","",""
"    Pittsburgh, PA Metro Area","1,124,531","1,024,382","100,149"
"Pittsfield, MA Metro Area","","",""
"    Pittsfield, MA Metro Area","69,759","57,015","12,744"
"Plainview, TX Micro Area","","",""
"    Plainview, TX Micro Area","13,396","11,396","2,000"
"Platteville, WI Micro Area","","",""
"    Platteville, WI Micro Area","22,110","19,956","2,154"
"Plattsburgh, NY Micro Area","","",""
"    Plattsburgh, NY Micro Area","37,315","32,583","4,732"
"Plymouth, IN Micro Area","","",""
"    Plymouth, IN Micro Area","19,654","17,480","2,174"
"Pocatello, ID Metro Area","","",""
"    Pocatello, ID Metro Area","37,840","35,127","2,713"
"Point Pleasant, WV-OH Micro Area","","",""
"    Point Pleasant, WV-OH Micro Area","25,583","22,235","3,348"
"Ponca City, OK Micro Area","","",""
"    Ponca City, OK Micro Area","20,968","17,571","3,397"
"Ponce, PR Metro Area","","",""
"    Ponce, PR Metro Area","104,029","88,500","15,529"
"Pontiac, IL Micro Area","","",""
"    Pontiac, IL Micro Area","15,920","14,396","1,524"
"Poplar Bluff, MO Micro Area","","",""
"    Poplar Bluff, MO Micro Area","24,432","21,496","2,936"
"Portales, NM Micro Area","","",""
"    Portales, NM Micro Area","8,483","7,159","1,324"
"Port Angeles, WA Micro Area","","",""
"    Port Angeles, WA Micro Area","37,930","34,113","3,817"
"Portland-South Portland, ME Metro Area","","",""
"    Portland-South Portland, ME Metro Area","280,588","233,160","47,428"
"Portland-Vancouver-Hillsboro, OR-WA Metro Area","","",""
"    Portland-Vancouver-Hillsboro, OR-WA Metro Area","1,033,420","979,213","54,207"
"Port Lavaca, TX Micro Area","","",""
"    Port Lavaca, TX Micro Area","10,539","7,614","2,925"
"Port St. Lucie, FL Metro Area","","",""
"    Port St. Lucie, FL Metro Area","229,255","197,747","31,508"
"Portsmouth, OH Micro Area","","",""
"    Portsmouth, OH Micro Area","33,108","29,612","3,496"
"Pottsville, PA Micro Area","","",""
"    Pottsville, PA Micro Area","67,128","57,950","9,178"
"Poughkeepsie-Newburgh-Middletown, NY Metro Area","","",""
"    Poughkeepsie-Newburgh-Middletown, NY Metro Area","268,888","247,673","21,215"
"Prescott Valley-Prescott, AZ Metro Area","","",""
"    Prescott Valley-Prescott, AZ Metro Area","121,154","104,425","16,729"
"Price, UT Micro Area","","",""
"    Price, UT Micro Area","9,579","7,950","1,629"
"Prineville, OR Micro Area","","",""
"    Prineville, OR Micro Area","11,159","9,975","1,184"
"Providence-Warwick, RI-MA Metro Area","","",""
"    Providence-Warwick, RI-MA Metro Area","726,938","670,567","56,371"
"Provo-Orem, UT Metro Area","","",""
"    Provo-Orem, UT Metro Area","196,386","188,087","8,299"
"Pueblo, CO Metro Area","","",""
"    Pueblo, CO Metro Area","71,981","67,095","4,886"
"Pullman, WA Micro Area","","",""
"    Pullman, WA Micro Area","20,922","18,650","2,272"
"Punta Gorda, FL Metro Area","","",""
"    Punta Gorda, FL Metro Area","110,046","85,846","24,200"
"Quincy, IL-MO Micro Area","","",""
"    Quincy, IL-MO Micro Area","34,547","31,102","3,445"
"Racine, WI Metro Area","","",""
"    Racine, WI Metro Area","84,490","78,959","5,531"
"Raleigh-Cary, NC Metro Area","","",""
"    Raleigh-Cary, NC Metro Area","576,280","542,396","33,884"
"Rapid City, SD Metro Area","","",""
"    Rapid City, SD Metro Area","61,510","56,274","5,236"
"Raymondville, TX Micro Area","","",""
"    Raymondville, TX Micro Area","6,770","5,714","1,056"
"Reading, PA Metro Area","","",""
"    Reading, PA Metro Area","170,742","161,485","9,257"
"Red Bluff, CA Micro Area","","",""
"    Red Bluff, CA Micro Area","27,341","24,910","2,431"
"Redding, CA Metro Area","","",""
"    Redding, CA Metro Area","79,380","72,836","6,544"
"Red Wing, MN Micro Area","","",""
"    Red Wing, MN Micro Area","20,864","19,499","1,365"
"Reno, NV Metro Area","","",""
"    Reno, NV Metro Area","209,196","193,692","15,504"
"Rexburg, ID Micro Area","","",""
"    Rexburg, ID Micro Area","22,576","17,388","5,188"
"Richmond, IN Micro Area","","",""
"    Richmond, IN Micro Area","30,752","27,409","3,343"
"Richmond, VA Metro Area","","",""
"    Richmond, VA Metro Area","551,968","518,667","33,301"
"Richmond-Berea, KY Micro Area","","",""
"    Richmond-Berea, KY Micro Area","46,146","42,023","4,123"
"Rio Grande City-Roma, TX Micro Area","","",""
"    Rio Grande City-Roma, TX Micro Area","22,980","19,868","3,112"
"Riverside-San Bernardino-Ontario, CA Metro Area","","",""
"    Riverside-San Bernardino-Ontario, CA Metro Area","1,580,448","1,431,119","149,329"
"Riverton, WY Micro Area","","",""
"    Riverton, WY Micro Area","17,407","15,146","2,261"
"Roanoke, VA Metro Area","","",""
"    Roanoke, VA Metro Area","147,601","132,722","14,879"
"Roanoke Rapids, NC Micro Area","","",""
"    Roanoke Rapids, NC Micro Area","35,305","28,508","6,797"
"Rochelle, IL Micro Area","","",""
"    Rochelle, IL Micro Area","22,632","20,870","1,762"
"Rochester, MN Metro Area","","",""
"    Rochester, MN Metro Area","97,302","90,673","6,629"
"Rochester, NY Metro Area","","",""
"    Rochester, NY Metro Area","489,463","450,845","38,618"
"Rockford, IL Metro Area","","",""
"    Rockford, IL Metro Area","145,140","134,568","10,572"
"Rockingham, NC Micro Area","","",""
"    Rockingham, NC Micro Area","19,605","17,454","2,151"
"Rockport, TX Micro Area","","",""
"    Rockport, TX Micro Area","15,500","10,236","5,264"
"Rock Springs, WY Micro Area","","",""
"    Rock Springs, WY Micro Area","19,145","16,625","2,520"
"Rocky Mount, NC Metro Area","","",""
"    Rocky Mount, NC Metro Area","66,213","59,064","7,149"
"Rolla, MO Micro Area","","",""
"    Rolla, MO Micro Area","20,174","17,815","2,359"
"Rome, GA Metro Area","","",""
"    Rome, GA Metro Area","40,475","36,883","3,592"
"Roseburg, OR Micro Area","","",""
"    Roseburg, OR Micro Area","49,774","45,817","3,957"
"Roswell, NM Micro Area","","",""
"    Roswell, NM Micro Area","26,658","23,521","3,137"
"Ruidoso, NM Micro Area","","",""
"    Ruidoso, NM Micro Area","17,624","9,148","8,476"
"Russellville, AR Micro Area","","",""
"    Russellville, AR Micro Area","36,148","31,918","4,230"
"Ruston, LA Micro Area","","",""
"    Ruston, LA Micro Area","20,370","18,075","2,295"
"Rutland, VT Micro Area","","",""
"    Rutland, VT Micro Area","33,869","26,651","7,218"
"Sacramento-Roseville-Folsom, CA Metro Area","","",""
"    Sacramento-Roseville-Folsom, CA Metro Area","933,562","868,460","65,102"
"Safford, AZ Micro Area","","",""
"    Safford, AZ Micro Area","13,704","12,150","1,554"
"Saginaw, MI Metro Area","","",""
"    Saginaw, MI Metro Area","85,953","78,442","7,511"
"St. Cloud, MN Metro Area","","",""
"    St. Cloud, MN Metro Area","82,999","76,927","6,072"
"St. George, UT Metro Area","","",""
"    St. George, UT Metro Area","74,530","62,416","12,114"
"St. Joseph, MO-KS Metro Area","","",""
"    St. Joseph, MO-KS Metro Area","53,437","47,703","5,734"
"St. Louis, MO-IL Metro Area","","",""
"    St. Louis, MO-IL Metro Area","1,258,862","1,149,824","109,038"
"St. Marys, GA Micro Area","","",""
"    St. Marys, GA Micro Area","22,541","20,374","2,167"
"St. Marys, PA Micro Area","","",""
"    St. Marys, PA Micro Area","16,836","13,590","3,246"
"Salem, OH Micro Area","","",""
"    Salem, OH Micro Area","46,091","41,706","4,385"
"Salem, OR Metro Area","","",""
"    Salem, OR Metro Area","162,369","154,721","7,648"
"Salina, KS Micro Area","","",""
"    Salina, KS Micro Area","26,757","24,568","2,189"
"Salinas, CA Metro Area","","",""
"    Salinas, CA Metro Area","143,631","131,789","11,842"
"Salisbury, MD-DE Metro Area","","",""
"    Salisbury, MD-DE Metro Area","253,120","169,737","83,383"
"Salt Lake City, UT Metro Area","","",""
"    Salt Lake City, UT Metro Area","451,281","427,316","23,965"
"San Angelo, TX Metro Area","","",""
"    San Angelo, TX Metro Area","52,770","47,794","4,976"
"San Antonio-New Braunfels, TX Metro Area","","",""
"    San Antonio-New Braunfels, TX Metro Area","1,015,678","925,609","90,069"
"San Diego-Chula Vista-Carlsbad, CA Metro Area","","",""
"    San Diego-Chula Vista-Carlsbad, CA Metro Area","1,228,505","1,158,764","69,741"
"Sandpoint, ID Micro Area","","",""
"    Sandpoint, ID Micro Area","26,312","19,619","6,693"
"Sandusky, OH Micro Area","","",""
"    Sandusky, OH Micro Area","38,262","32,360","5,902"
"Sanford, NC Micro Area","","",""
"    Sanford, NC Micro Area","26,583","24,575","2,008"
"San Francisco-Oakland-Berkeley, CA Metro Area","","",""
"    San Francisco-Oakland-Berkeley, CA Metro Area","1,847,185","1,744,100","103,085"
"San Germán, PR Metro Area","","",""
"    San Germán, PR Metro Area","67,255","52,203","15,052"
"San Jose-Sunnyvale-Santa Clara, CA Metro Area","","",""
"    San Jose-Sunnyvale-Santa Clara, CA Metro Area","708,400","675,547","32,853"
"San Juan-Bayamón-Caguas, PR Metro Area","","",""
"    San Juan-Bayamón-Caguas, PR Metro Area","1,006,503","851,651","154,852"
"San Luis Obispo-Paso Robles, CA Metro Area","","",""
"    San Luis Obispo-Paso Robles, CA Metro Area","123,715","107,797","15,918"
"Santa Cruz-Watsonville, CA Metro Area","","",""
"    Santa Cruz-Watsonville, CA Metro Area","106,345","96,261","10,084"
"Santa Fe, NM Metro Area","","",""
"    Santa Fe, NM Metro Area","76,877","68,020","8,857"
"Santa Isabel, PR Micro Area","","",""
"    Santa Isabel, PR Micro Area","9,345","8,094","1,251"
"Santa Maria-Santa Barbara, CA Metro Area","","",""
"    Santa Maria-Santa Barbara, CA Metro Area","158,279","148,353","9,926"
"Santa Rosa-Petaluma, CA Metro Area","","",""
"    Santa Rosa-Petaluma, CA Metro Area","204,742","187,701","17,041"
"Sault Ste. Marie, MI Micro Area","","",""
"    Sault Ste. Marie, MI Micro Area","20,268","13,837","6,431"
"Savannah, GA Metro Area","","",""
"    Savannah, GA Metro Area","175,166","156,817","18,349"
"Sayre, PA Micro Area","","",""
"    Sayre, PA Micro Area","29,363","24,789","4,574"
"Scottsbluff, NE Micro Area","","",""
"    Scottsbluff, NE Micro Area","17,526","15,471","2,055"
"Scottsboro, AL Micro Area","","",""
"    Scottsboro, AL Micro Area","24,627","21,733","2,894"
"Scottsburg, IN Micro Area","","",""
"    Scottsburg, IN Micro Area","10,715","9,717","998"
"Scranton--Wilkes-Barre, PA Metro Area","","",""
"    Scranton--Wilkes-Barre, PA Metro Area","263,327","233,994","29,333"
"Searcy, AR Micro Area","","",""
"    Searcy, AR Micro Area","33,270","29,705","3,565"
"Seattle-Tacoma-Bellevue, WA Metro Area","","",""
"    Seattle-Tacoma-Bellevue, WA Metro Area","1,650,246","1,564,432","85,814"
"Sebastian-Vero Beach, FL Metro Area","","",""
"    Sebastian-Vero Beach, FL Metro Area","83,529","71,177","12,352"
"Sebring-Avon Park, FL Metro Area","","",""
"    Sebring-Avon Park, FL Metro Area","57,486","44,376","13,110"
"Sedalia, MO Micro Area","","",""
"    Sedalia, MO Micro Area","18,563","16,588","1,975"
"Selinsgrove, PA Micro Area","","",""
"    Selinsgrove, PA Micro Area","15,978","14,753","1,225"
"Selma, AL Micro Area","","",""
"    Selma, AL Micro Area","18,880","16,037","2,843"
"Seneca, SC Micro Area","","",""
"    Seneca, SC Micro Area","40,788","33,241","7,547"
"Seneca Falls, NY Micro Area","","",""
"    Seneca Falls, NY Micro Area","16,096","13,414","2,682"
"Sevierville, TN Micro Area","","",""
"    Sevierville, TN Micro Area","56,240","39,520","16,720"
"Seymour, IN Micro Area","","",""
"    Seymour, IN Micro Area","19,069","17,809","1,260"
"Shawano, WI Micro Area","","",""
"    Shawano, WI Micro Area","22,499","18,500","3,999"
"Shawnee, OK Micro Area","","",""
"    Shawnee, OK Micro Area","29,973","26,817","3,156"
"Sheboygan, WI Metro Area","","",""
"    Sheboygan, WI Metro Area","52,303","48,702","3,601"
"Shelby, NC Micro Area","","",""
"    Shelby, NC Micro Area","43,630","39,887","3,743"
"Shelbyville, TN Micro Area","","",""
"    Shelbyville, TN Micro Area","19,685","18,350","1,335"
"Shelton, WA Micro Area","","",""
"    Shelton, WA Micro Area","33,269","25,505","7,764"
"Sheridan, WY Micro Area","","",""
"    Sheridan, WY Micro Area","14,884","13,349","1,535"
"Sherman-Denison, TX Metro Area","","",""
"    Sherman-Denison, TX Metro Area","58,572","52,307","6,265"
"Show Low, AZ Micro Area","","",""
"    Show Low, AZ Micro Area","56,180","36,836","19,344"
"Shreveport-Bossier City, LA Metro Area","","",""
"    Shreveport-Bossier City, LA Metro Area","179,915","159,810","20,105"
"Sidney, OH Micro Area","","",""
"    Sidney, OH Micro Area","20,059","18,803","1,256"
"Sierra Vista-Douglas, AZ Metro Area","","",""
"    Sierra Vista-Douglas, AZ Metro Area","58,648","50,936","7,712"
"Sikeston, MO Micro Area","","",""
"    Sikeston, MO Micro Area","16,746","15,306","1,440"
"Silver City, NM Micro Area","","",""
"    Silver City, NM Micro Area","14,584","12,269","2,315"
"Sioux City, IA-NE-SD Metro Area","","",""
"    Sioux City, IA-NE-SD Metro Area","60,201","56,332","3,869"
"Sioux Falls, SD Metro Area","","",""
"    Sioux Falls, SD Metro Area","116,263","109,218","7,045"
"Snyder, TX Micro Area","","",""
"    Snyder, TX Micro Area","6,889","5,925","964"
"Somerset, KY Micro Area","","",""
"    Somerset, KY Micro Area","31,552","26,405","5,147"
"Somerset, PA Micro Area","","",""
"    Somerset, PA Micro Area","37,713","30,208","7,505"
"Sonora, CA Micro Area","","",""
"    Sonora, CA Micro Area","31,415","22,711","8,704"
"South Bend-Mishawaka, IN-MI Metro Area","","",""
"    South Bend-Mishawaka, IN-MI Metro Area","143,414","128,014","15,400"
"Spartanburg, SC Metro Area","","",""
"    Spartanburg, SC Metro Area","137,009","125,836","11,173"
"Spearfish, SD Micro Area","","",""
"    Spearfish, SD Micro Area","14,163","11,444","2,719"
"Spencer, IA Micro Area","","",""
"    Spencer, IA Micro Area","8,109","7,222","887"
"Spirit Lake, IA Micro Area","","",""
"    Spirit Lake, IA Micro Area","13,691","7,976","5,715"
"Spokane-Spokane Valley, WA Metro Area","","",""
"    Spokane-Spokane Valley, WA Metro Area","246,261","231,275","14,986"
"Springfield, IL Metro Area","","",""
"    Springfield, IL Metro Area","98,573","89,506","9,067"
"Springfield, MA Metro Area","","",""
"    Springfield, MA Metro Area","297,623","278,127","19,496"
"Springfield, MO Metro Area","","",""
"    Springfield, MO Metro Area","207,779","192,076","15,703"
"Springfield, OH Metro Area","","",""
"    Springfield, OH Metro Area","60,987","55,844","5,143"
"Starkville, MS Micro Area","","",""
"    Starkville, MS Micro Area","30,438","25,077","5,361"
"State College, PA Metro Area","","",""
"    State College, PA Metro Area","65,408","59,357","6,051"
"Statesboro, GA Micro Area","","",""
"    Statesboro, GA Micro Area","32,983","29,747","3,236"
"Staunton, VA Metro Area","","",""
"    Staunton, VA Metro Area","55,174","51,164","4,010"
"Steamboat Springs, CO Micro Area","","",""
"    Steamboat Springs, CO Micro Area","16,511","10,388","6,123"
"Stephenville, TX Micro Area","","",""
"    Stephenville, TX Micro Area","18,325","15,858","2,467"
"Sterling, CO Micro Area","","",""
"    Sterling, CO Micro Area","8,668","7,919","749"
"Sterling, IL Micro Area","","",""
"    Sterling, IL Micro Area","25,855","23,556","2,299"
"Stevens Point, WI Micro Area","","",""
"    Stevens Point, WI Micro Area","31,148","29,138","2,010"
"Stillwater, OK Micro Area","","",""
"    Stillwater, OK Micro Area","36,708","30,958","5,750"
"Stockton, CA Metro Area","","",""
"    Stockton, CA Metro Area","251,453","241,119","10,334"
"Storm Lake, IA Micro Area","","",""
"    Storm Lake, IA Micro Area","8,141","7,447","694"
"Sturgis, MI Micro Area","","",""
"    Sturgis, MI Micro Area","27,081","23,557","3,524"
"Sulphur Springs, TX Micro Area","","",""
"    Sulphur Springs, TX Micro Area","15,671","13,947","1,724"
"Summerville, GA Micro Area","","",""
"    Summerville, GA Micro Area","10,854","9,520","1,334"
"Sumter, SC Metro Area","","",""
"    Sumter, SC Metro Area","62,569","54,514","8,055"
"Sunbury, PA Micro Area","","",""
"    Sunbury, PA Micro Area","43,300","37,932","5,368"
"Susanville, CA Micro Area","","",""
"    Susanville, CA Micro Area","12,216","9,888","2,328"
"Sweetwater, TX Micro Area","","",""
"    Sweetwater, TX Micro Area","7,123","5,857","1,266"
"Syracuse, NY Metro Area","","",""
"    Syracuse, NY Metro Area","296,364","268,611","27,753"
"Tahlequah, OK Micro Area","","",""
"    Tahlequah, OK Micro Area","22,033","18,023","4,010"
"Talladega-Sylacauga, AL Micro Area","","",""
"    Talladega-Sylacauga, AL Micro Area","37,948","33,090","4,858"
"Tallahassee, FL Metro Area","","",""
"    Tallahassee, FL Metro Area","172,730","155,677","17,053"
"Tampa-St. Petersburg-Clearwater, FL Metro Area","","",""
"    Tampa-St. Petersburg-Clearwater, FL Metro Area","1,465,158","1,307,725","157,433"
"Taos, NM Micro Area","","",""
"    Taos, NM Micro Area","20,904","15,747","5,157"
"Taylorville, IL Micro Area","","",""
"    Taylorville, IL Micro Area","15,184","13,721","1,463"
"Terre Haute, IN Metro Area","","",""
"    Terre Haute, IN Metro Area","82,185","72,746","9,439"
"Texarkana, TX-AR Metro Area","","",""
"    Texarkana, TX-AR Metro Area","65,358","57,684","7,674"
"The Dalles, OR Micro Area","","",""
"    The Dalles, OR Micro Area","11,996","10,553","1,443"
"The Villages, FL Metro Area","","",""
"    The Villages, FL Metro Area","75,304","62,907","12,397"
"Thomaston, GA Micro Area","","",""
"    Thomaston, GA Micro Area","12,301","11,173","1,128"
"Thomasville, GA Micro Area","","",""
"    Thomasville, GA Micro Area","20,668","18,440","2,228"
"Tiffin, OH Micro Area","","",""
"    Tiffin, OH Micro Area","23,934","22,017","1,917"
"Tifton, GA Micro Area","","",""
"    Tifton, GA Micro Area","17,375","15,921","1,454"
"Toccoa, GA Micro Area","","",""
"    Toccoa, GA Micro Area","12,317","10,618","1,699"
"Toledo, OH Metro Area","","",""
"    Toledo, OH Metro Area","303,295","269,650","33,645"
"Topeka, KS Metro Area","","",""
"    Topeka, KS Metro Area","104,349","94,837","9,512"
"Torrington, CT Micro Area","","",""
"    Torrington, CT Micro Area","87,615","77,502","10,113"
"Traverse City, MI Micro Area","","",""
"    Traverse City, MI Micro Area","84,866","64,738","20,128"
"Trenton-Princeton, NJ Metro Area","","",""
"    Trenton-Princeton, NJ Metro Area","150,442","139,361","11,081"
"Troy, AL Micro Area","","",""
"    Troy, AL Micro Area","15,977","13,901","2,076"
"Truckee-Grass Valley, CA Micro Area","","",""
"    Truckee-Grass Valley, CA Micro Area","53,627","42,774","10,853"
"Tucson, AZ Metro Area","","",""
"    Tucson, AZ Metro Area","470,132","427,021","43,111"
"Tullahoma-Manchester, TN Micro Area","","",""
"    Tullahoma-Manchester, TN Micro Area","47,301","42,246","5,055"
"Tulsa, OK Metro Area","","",""
"    Tulsa, OK Metro Area","437,257","397,385","39,872"
"Tupelo, MS Micro Area","","",""
"    Tupelo, MS Micro Area","72,617","64,214","8,403"
"Tuscaloosa, AL Metro Area","","",""
"    Tuscaloosa, AL Metro Area","121,710","106,925","14,785"
"Twin Falls, ID Metro Area","","",""
"    Twin Falls, ID Metro Area","43,262","40,859","2,403"
"Tyler, TX Metro Area","","",""
"    Tyler, TX Metro Area","97,539","88,567","8,972"
"Ukiah, CA Micro Area","","",""
"    Ukiah, CA Micro Area","41,370","36,280","5,090"
"Union, SC Micro Area","","",""
"    Union, SC Micro Area","13,451","11,622","1,829"
"Union City, TN Micro Area","","",""
"    Union City, TN Micro Area","14,314","12,928","1,386"
"Urbana, OH Micro Area","","",""
"    Urbana, OH Micro Area","16,862","15,638","1,224"
"Urban Honolulu, HI Metro Area","","",""
"    Urban Honolulu, HI Metro Area","370,665","336,412","34,253"
"Utica-Rome, NY Metro Area","","",""
"    Utica-Rome, NY Metro Area","137,254","119,164","18,090"
"Uvalde, TX Micro Area","","",""
"    Uvalde, TX Micro Area","10,034","8,624","1,410"
"Valdosta, GA Metro Area","","",""
"    Valdosta, GA Metro Area","61,597","55,422","6,175"
"Vallejo, CA Metro Area","","",""
"    Vallejo, CA Metro Area","162,237","155,924","6,313"
"Van Wert, OH Micro Area","","",""
"    Van Wert, OH Micro Area","12,540","11,589","951"
"Vermillion, SD Micro Area","","",""
"    Vermillion, SD Micro Area","6,180","5,564","616"
"Vernal, UT Micro Area","","",""
"    Vernal, UT Micro Area","13,657","11,993","1,664"
"Vernon, TX Micro Area","","",""
"    Vernon, TX Micro Area","5,836","4,944","892"
"Vicksburg, MS Micro Area","","",""
"    Vicksburg, MS Micro Area","21,452","18,480","2,972"
"Victoria, TX Metro Area","","",""
"    Victoria, TX Metro Area","42,461","37,266","5,195"
"Vidalia, GA Micro Area","","",""
"    Vidalia, GA Micro Area","15,767","13,662","2,105"
"Vincennes, IN Micro Area","","",""
"    Vincennes, IN Micro Area","16,917","14,783","2,134"
"Vineland-Bridgeton, NJ Metro Area","","",""
"    Vineland-Bridgeton, NJ Metro Area","57,119","52,649","4,470"
"Vineyard Haven, MA Micro Area","","",""
"    Vineyard Haven, MA Micro Area","17,530","8,932","8,598"
"Virginia Beach-Norfolk-Newport News, VA-NC Metro Area","","",""
"    Virginia Beach-Norfolk-Newport News, VA-NC Metro Area","760,076","702,160","57,916"
"Visalia, CA Metro Area","","",""
"    Visalia, CA Metro Area","150,652","141,987","8,665"
"Wabash, IN Micro Area","","",""
"    Wabash, IN Micro Area","14,037","12,721","1,316"
"Waco, TX Metro Area","","",""
"    Waco, TX Metro Area","113,237","102,485","10,752"
"Wahpeton, ND-MN Micro Area","","",""
"    Wahpeton, ND-MN Micro Area","10,473","9,445","1,028"
"Walla Walla, WA Metro Area","","",""
"    Walla Walla, WA Metro Area","24,971","23,082","1,889"
"Wapakoneta, OH Micro Area","","",""
"    Wapakoneta, OH Micro Area","19,873","18,602","1,271"
"Warner Robins, GA Metro Area","","",""
"    Warner Robins, GA Metro Area","78,624","72,808","5,816"
"Warren, PA Micro Area","","",""
"    Warren, PA Micro Area","21,587","16,618","4,969"
"Warrensburg, MO Micro Area","","",""
"    Warrensburg, MO Micro Area","22,601","20,321","2,280"
"Warsaw, IN Micro Area","","",""
"    Warsaw, IN Micro Area","38,133","31,196","6,937"
"Washington, IN Micro Area","","",""
"    Washington, IN Micro Area","12,738","11,737","1,001"
"Washington, NC Micro Area","","",""
"    Washington, NC Micro Area","24,090","19,430","4,660"
"Washington-Arlington-Alexandria, DC-VA-MD-WV Metro Area","","",""
"    Washington-Arlington-Alexandria, DC-VA-MD-WV Metro Area","2,500,128","2,360,771","139,357"
"Washington Court House, OH Micro Area","","",""
"    Washington Court House, OH Micro Area","12,663","11,752","911"
"Waterloo-Cedar Falls, IA Metro Area","","",""
"    Waterloo-Cedar Falls, IA Metro Area","74,508","68,938","5,570"
"Watertown, SD Micro Area","","",""
"    Watertown, SD Micro Area","15,970","14,181","1,789"
"Watertown-Fort Atkinson, WI Micro Area","","",""
"    Watertown-Fort Atkinson, WI Micro Area","36,376","33,844","2,532"
"Watertown-Fort Drum, NY Metro Area","","",""
"    Watertown-Fort Drum, NY Metro Area","61,604","45,480","16,124"
"Wauchula, FL Micro Area","","",""
"    Wauchula, FL Micro Area","9,820","8,059","1,761"
"Wausau-Weston, WI Metro Area","","",""
"    Wausau-Weston, WI Metro Area","75,862","68,990","6,872"
"Waycross, GA Micro Area","","",""
"    Waycross, GA Micro Area","24,218","21,157","3,061"
"Weatherford, OK Micro Area","","",""
"    Weatherford, OK Micro Area","12,932","10,859","2,073"
"Weirton-Steubenville, WV-OH Metro Area","","",""
"    Weirton-Steubenville, WV-OH Metro Area","56,085","49,945","6,140"
"Wenatchee, WA Metro Area","","",""
"    Wenatchee, WA Metro Area","54,585","45,711","8,874"
"West Plains, MO Micro Area","","",""
"    West Plains, MO Micro Area","18,048","16,117","1,931"
"West Point, MS Micro Area","","",""
"    West Point, MS Micro Area","8,985","7,771","1,214"
"Wheeling, WV-OH Metro Area","","",""
"    Wheeling, WV-OH Metro Area","67,516","58,608","8,908"
"Whitewater, WI Micro Area","","",""
"    Whitewater, WI Micro Area","53,146","42,378","10,768"
"Wichita, KS Metro Area","","",""
"    Wichita, KS Metro Area","275,434","252,298","23,136"
"Wichita Falls, TX Metro Area","","",""
"    Wichita Falls, TX Metro Area","64,513","56,665","7,848"
"Williamsport, PA Metro Area","","",""
"    Williamsport, PA Metro Area","52,625","46,603","6,022"
"Williston, ND Micro Area","","",""
"    Williston, ND Micro Area","20,227","16,095","4,132"
"Willmar, MN Micro Area","","",""
"    Willmar, MN Micro Area","19,950","17,079","2,871"
"Wilmington, NC Metro Area","","",""
"    Wilmington, NC Metro Area","143,295","121,071","22,224"
"Wilmington, OH Micro Area","","",""
"    Wilmington, OH Micro Area","17,906","16,464","1,442"
"Wilson, NC Micro Area","","",""
"    Wilson, NC Micro Area","36,252","32,222","4,030"
"Winchester, VA-WV Metro Area","","",""
"    Winchester, VA-WV Metro Area","60,615","55,089","5,526"
"Winfield, KS Micro Area","","",""
"    Winfield, KS Micro Area","15,558","13,322","2,236"
"Winnemucca, NV Micro Area","","",""
"    Winnemucca, NV Micro Area","7,658","6,575","1,083"
"Winona, MN Micro Area","","",""
"    Winona, MN Micro Area","21,716","20,111","1,605"
"Winston-Salem, NC Metro Area","","",""
"    Winston-Salem, NC Metro Area","301,571","276,135","25,436"
"Wisconsin Rapids-Marshfield, WI Micro Area","","",""
"    Wisconsin Rapids-Marshfield, WI Micro Area","34,549","32,238","2,311"
"Woodward, OK Micro Area","","",""
"    Woodward, OK Micro Area","11,514","9,309","2,205"
"Wooster, OH Micro Area","","",""
"    Wooster, OH Micro Area","46,555","43,983","2,572"
"Worcester, MA-CT Metro Area","","",""
"    Worcester, MA-CT Metro Area","401,354","377,671","23,683"
"Worthington, MN Micro Area","","",""
"    Worthington, MN Micro Area","8,394","7,851","543"
"Yakima, WA Metro Area","","",""
"    Yakima, WA Metro Area","90,504","85,882","4,622"
"Yankton, SD Micro Area","","",""
"    Yankton, SD Micro Area","10,372","9,435","937"
"Yauco, PR Metro Area","","",""
"    Yauco, PR Metro Area","42,322","33,804","8,518"
"York-Hanover, PA Metro Area","","",""
"    York-Hanover, PA Metro Area","187,187","177,553","9,634"
"Youngstown-Warren-Boardman, OH-PA Metro Area","","",""
"    Youngstown-Warren-Boardman, OH-PA Metro Area","253,211","229,461","23,750"
"Yuba City, CA Metro Area","","",""
"    Yuba City, CA Metro Area","63,957","60,070","3,887"
"Yuma, AZ Metro Area","","",""
"    Yuma, AZ Metro Area","92,048","69,589","22,459"
"Zanesville, OH Micro Area","","",""
"    Zanesville, OH Micro Area","38,358","35,091","3,267"
"Zapata, TX Micro Area","","",""
"    Zapata, TX Micro Area","6,159","4,536","1,623"